id,nome,arquivo,categoria,fonte,x,y,largura,altura,fundo
s01_pergaminho_largo,pergaminho_largo,assets_individuais/faixas_selos_dados/pergaminho_largo.png,faixas_selos_dados,01-1000614716.png,18,5,173,120,transparente
s01_pergaminho_curto,pergaminho_curto,assets_individuais/faixas_selos_dados/pergaminho_curto.png,faixas_selos_dados,01-1000614716.png,206,5,147,120,transparente
s01_caveira_ossos,caveira_ossos,assets_individuais/faixas_selos_dados/caveira_ossos.png,faixas_selos_dados,01-1000614716.png,371,5,70,120,transparente
s01_tocha,tocha,assets_individuais/faixas_selos_dados/tocha.png,faixas_selos_dados,01-1000614716.png,462,5,60,120,transparente
s01_lanterna,lanterna,assets_individuais/faixas_selos_dados/lanterna.png,faixas_selos_dados,01-1000614716.png,548,5,59,120,transparente
s01_vela,vela,assets_individuais/faixas_selos_dados/vela.png,faixas_selos_dados,01-1000614716.png,634,5,82,120,transparente
s01_placa_ornamental,placa_ornamental,assets_individuais/faixas_selos_dados/placa_ornamental.png,faixas_selos_dados,01-1000614716.png,723,5,115,120,transparente
s01_selo_cera,selo_cera,assets_individuais/faixas_selos_dados/selo_cera.png,faixas_selos_dados,01-1000614716.png,856,5,94,120,transparente
s01_dado_d4,dado_d4,assets_individuais/faixas_selos_dados/dado_d4.png,faixas_selos_dados,01-1000614716.png,971,5,81,120,transparente
s01_dado_d6,dado_d6,assets_individuais/faixas_selos_dados/dado_d6.png,faixas_selos_dados,01-1000614716.png,1060,5,77,120,transparente
s01_dado_d8,dado_d8,assets_individuais/faixas_selos_dados/dado_d8.png,faixas_selos_dados,01-1000614716.png,1149,5,76,120,transparente
s01_dado_d10,dado_d10,assets_individuais/faixas_selos_dados/dado_d10.png,faixas_selos_dados,01-1000614716.png,1234,5,81,120,transparente
s01_dado_d12,dado_d12,assets_individuais/faixas_selos_dados/dado_d12.png,faixas_selos_dados,01-1000614716.png,1328,5,78,120,transparente
s01_dado_d20,dado_d20,assets_individuais/faixas_selos_dados/dado_d20.png,faixas_selos_dados,01-1000614716.png,1418,5,80,120,transparente
s01_bolsa_moedas,bolsa_moedas,assets_individuais/tesouros_escudos/bolsa_moedas.png,tesouros_escudos,01-1000614716.png,30,120,85,110,transparente
s01_pilha_moedas,pilha_moedas,assets_individuais/tesouros_escudos/pilha_moedas.png,tesouros_escudos,01-1000614716.png,144,120,118,110,transparente
s01_gema_verde,gema_verde,assets_individuais/tesouros_escudos/gema_verde.png,tesouros_escudos,01-1000614716.png,283,120,66,110,transparente
s01_gema_azul,gema_azul,assets_individuais/tesouros_escudos/gema_azul.png,tesouros_escudos,01-1000614716.png,367,120,75,110,transparente
s01_gema_vermelha,gema_vermelha,assets_individuais/tesouros_escudos/gema_vermelha.png,tesouros_escudos,01-1000614716.png,458,120,57,110,transparente
s01_coroa,coroa,assets_individuais/tesouros_escudos/coroa.png,tesouros_escudos,01-1000614716.png,528,120,103,110,transparente
s01_calice,calice,assets_individuais/tesouros_escudos/calice.png,tesouros_escudos,01-1000614716.png,660,120,60,110,transparente
s01_pingente,pingente,assets_individuais/tesouros_escudos/pingente.png,tesouros_escudos,01-1000614716.png,767,120,48,110,transparente
s01_colar_gema_verde,colar_gema_verde,assets_individuais/tesouros_escudos/colar_gema_verde.png,tesouros_escudos,01-1000614716.png,831,120,111,110,transparente
s01_escudo_liso,escudo_liso,assets_individuais/tesouros_escudos/escudo_liso.png,tesouros_escudos,01-1000614716.png,975,120,79,110,transparente
s01_escudo_diagonal,escudo_diagonal,assets_individuais/tesouros_escudos/escudo_diagonal.png,tesouros_escudos,01-1000614716.png,1069,120,81,110,transparente
s01_escudo_quartelado,escudo_quartelado,assets_individuais/tesouros_escudos/escudo_quartelado.png,tesouros_escudos,01-1000614716.png,1174,120,77,110,transparente
s01_escudo_leao,escudo_leao,assets_individuais/tesouros_escudos/escudo_leao.png,tesouros_escudos,01-1000614716.png,1277,120,78,110,transparente
s01_escudo_redondo,escudo_redondo,assets_individuais/tesouros_escudos/escudo_redondo.png,tesouros_escudos,01-1000614716.png,1389,120,98,110,transparente
s01_espada_longa,espada_longa,assets_individuais/equipamentos/espada_longa.png,equipamentos,01-1000614716.png,25,225,92,130,transparente
s01_espada_curta,espada_curta,assets_individuais/equipamentos/espada_curta.png,equipamentos,01-1000614716.png,135,225,74,130,transparente
s01_machado_batalha,machado_batalha,assets_individuais/equipamentos/machado_batalha.png,equipamentos,01-1000614716.png,221,225,97,130,transparente
s01_martelo_guerra,martelo_guerra,assets_individuais/equipamentos/martelo_guerra.png,equipamentos,01-1000614716.png,324,225,86,130,transparente
s01_arco,arco,assets_individuais/equipamentos/arco.png,equipamentos,01-1000614716.png,427,225,56,130,transparente
s01_flecha,flecha,assets_individuais/equipamentos/flecha.png,equipamentos,01-1000614716.png,505,225,58,130,transparente
s01_cota_malha,cota_malha,assets_individuais/equipamentos/cota_malha.png,equipamentos,01-1000614716.png,584,225,116,130,transparente
s01_elmo,elmo,assets_individuais/equipamentos/elmo.png,equipamentos,01-1000614716.png,725,225,79,130,transparente
s01_bota,bota,assets_individuais/equipamentos/bota.png,equipamentos,01-1000614716.png,848,225,89,130,transparente
s01_cinto,cinto,assets_individuais/equipamentos/cinto.png,equipamentos,01-1000614716.png,956,225,92,130,transparente
s01_capa,capa,assets_individuais/equipamentos/capa.png,equipamentos,01-1000614716.png,1074,225,102,130,transparente
s01_mochila,mochila,assets_individuais/equipamentos/mochila.png,equipamentos,01-1000614716.png,1197,225,87,130,transparente
s01_corda,corda,assets_individuais/equipamentos/corda.png,equipamentos,01-1000614716.png,1306,225,109,130,transparente
s01_chave,chave,assets_individuais/equipamentos/chave.png,equipamentos,01-1000614716.png,1437,225,66,130,transparente
s01_grimorio,grimorio,assets_individuais/magia_alquimia/grimorio.png,magia_alquimia,01-1000614716.png,25,345,115,130,transparente
s01_livro_aberto,livro_aberto,assets_individuais/magia_alquimia/livro_aberto.png,magia_alquimia,01-1000614716.png,153,345,132,130,transparente
s01_pergaminho_enrolado,pergaminho_enrolado,assets_individuais/magia_alquimia/pergaminho_enrolado.png,magia_alquimia,01-1000614716.png,300,345,108,130,transparente
s01_tinteiro,tinteiro,assets_individuais/magia_alquimia/tinteiro.png,magia_alquimia,01-1000614716.png,454,345,76,130,transparente
s01_pergaminho_e_pena,pergaminho_e_pena,assets_individuais/magia_alquimia/pergaminho_e_pena.png,magia_alquimia,01-1000614716.png,568,345,104,130,transparente
s01_anel,anel,assets_individuais/magia_alquimia/anel.png,magia_alquimia,01-1000614716.png,708,345,90,130,transparente
s01_pocao_vermelha,pocao_vermelha,assets_individuais/magia_alquimia/pocao_vermelha.png,magia_alquimia,01-1000614716.png,832,345,72,130,transparente
s01_pocao_azul,pocao_azul,assets_individuais/magia_alquimia/pocao_azul.png,magia_alquimia,01-1000614716.png,926,345,73,130,transparente
s01_pocao_verde,pocao_verde,assets_individuais/magia_alquimia/pocao_verde.png,magia_alquimia,01-1000614716.png,1030,345,67,130,transparente
s01_varinha_faisca,varinha_faisca,assets_individuais/magia_alquimia/varinha_faisca.png,magia_alquimia,01-1000614716.png,1128,345,97,130,transparente
s01_cajado_orbe,cajado_orbe,assets_individuais/magia_alquimia/cajado_orbe.png,magia_alquimia,01-1000614716.png,1239,345,94,130,transparente
s01_bola_cristal,bola_cristal,assets_individuais/magia_alquimia/bola_cristal.png,magia_alquimia,01-1000614716.png,1385,345,86,130,transparente
s01_mao_arcana,mao_arcana,assets_individuais/efeitos_status/mao_arcana.png,efeitos_status,01-1000614716.png,33,470,84,115,transparente
s01_escudo_magico,escudo_magico,assets_individuais/efeitos_status/escudo_magico.png,efeitos_status,01-1000614716.png,142,470,97,115,transparente
s01_raio,raio,assets_individuais/efeitos_status/raio.png,efeitos_status,01-1000614716.png,264,470,73,115,transparente
s01_bola_fogo,bola_fogo,assets_individuais/efeitos_status/bola_fogo.png,efeitos_status,01-1000614716.png,362,470,102,115,transparente
s01_tentaculos,tentaculos,assets_individuais/efeitos_status/tentaculos.png,efeitos_status,01-1000614716.png,493,470,102,115,transparente
s01_caveira_aura,caveira_aura,assets_individuais/efeitos_status/caveira_aura.png,efeitos_status,01-1000614716.png,625,470,86,115,transparente
s01_olho_arcano,olho_arcano,assets_individuais/efeitos_status/olho_arcano.png,efeitos_status,01-1000614716.png,740,470,99,115,transparente
s01_portal,portal,assets_individuais/efeitos_status/portal.png,efeitos_status,01-1000614716.png,868,470,87,115,transparente
s01_arvore_espinhosa,arvore_espinhosa,assets_individuais/efeitos_status/arvore_espinhosa.png,efeitos_status,01-1000614716.png,979,470,106,115,transparente
s01_status_sangue,status_sangue,assets_individuais/efeitos_status/status_sangue.png,efeitos_status,01-1000614716.png,1104,470,76,115,transparente
s01_status_morte,status_morte,assets_individuais/efeitos_status/status_morte.png,efeitos_status,01-1000614716.png,1177,470,76,115,transparente
s01_status_sono,status_sono,assets_individuais/efeitos_status/status_sono.png,efeitos_status,01-1000614716.png,1258,470,80,115,transparente
s01_status_visao,status_visao,assets_individuais/efeitos_status/status_visao.png,efeitos_status,01-1000614716.png,1338,470,81,115,transparente
s01_status_combate,status_combate,assets_individuais/efeitos_status/status_combate.png,efeitos_status,01-1000614716.png,1419,470,78,115,transparente
s01_token_guerreiro,token_guerreiro,assets_individuais/tokens_criaturas/token_guerreiro.png,tokens_criaturas,01-1000614716.png,10,580,113,125,transparente
s01_token_mago,token_mago,assets_individuais/tokens_criaturas/token_mago.png,tokens_criaturas,01-1000614716.png,144,580,109,125,transparente
s01_token_arqueiro,token_arqueiro,assets_individuais/tokens_criaturas/token_arqueiro.png,tokens_criaturas,01-1000614716.png,277,580,113,125,transparente
s01_token_ladino,token_ladino,assets_individuais/tokens_criaturas/token_ladino.png,tokens_criaturas,01-1000614716.png,417,580,113,125,transparente
s01_token_goblin,token_goblin,assets_individuais/tokens_criaturas/token_goblin.png,tokens_criaturas,01-1000614716.png,556,580,113,125,transparente
s01_token_lobo,token_lobo,assets_individuais/tokens_criaturas/token_lobo.png,tokens_criaturas,01-1000614716.png,698,580,115,125,transparente
s01_token_esqueleto,token_esqueleto,assets_individuais/tokens_criaturas/token_esqueleto.png,tokens_criaturas,01-1000614716.png,848,580,112,125,transparente
s01_token_mumia,token_mumia,assets_individuais/tokens_criaturas/token_mumia.png,tokens_criaturas,01-1000614716.png,988,580,111,125,transparente
s01_token_goblin_lanceiro,token_goblin_lanceiro,assets_individuais/tokens_criaturas/token_goblin_lanceiro.png,tokens_criaturas,01-1000614716.png,1122,580,112,125,transparente
s01_token_demonio,token_demonio,assets_individuais/tokens_criaturas/token_demonio.png,tokens_criaturas,01-1000614716.png,1258,580,110,125,transparente
s01_token_dragao,token_dragao,assets_individuais/tokens_criaturas/token_dragao.png,tokens_criaturas,01-1000614716.png,1384,580,117,125,transparente
s01_hex_floresta,hex_floresta,assets_individuais/hexes_terreno/hex_floresta.png,hexes_terreno,01-1000614716.png,17,695,123,135,transparente
s01_hex_planicie,hex_planicie,assets_individuais/hexes_terreno/hex_planicie.png,hexes_terreno,01-1000614716.png,168,695,128,135,transparente
s01_hex_montanha,hex_montanha,assets_individuais/hexes_terreno/hex_montanha.png,hexes_terreno,01-1000614716.png,326,695,125,135,transparente
s01_hex_colinas,hex_colinas,assets_individuais/hexes_terreno/hex_colinas.png,hexes_terreno,01-1000614716.png,483,695,126,135,transparente
s01_hex_pantano,hex_pantano,assets_individuais/hexes_terreno/hex_pantano.png,hexes_terreno,01-1000614716.png,643,695,123,135,transparente
s01_hex_agua,hex_agua,assets_individuais/hexes_terreno/hex_agua.png,hexes_terreno,01-1000614716.png,793,695,123,135,transparente
s01_hex_deserto,hex_deserto,assets_individuais/hexes_terreno/hex_deserto.png,hexes_terreno,01-1000614716.png,943,695,128,135,transparente
s01_hex_vila,hex_vila,assets_individuais/hexes_terreno/hex_vila.png,hexes_terreno,01-1000614716.png,1095,695,122,135,transparente
s01_hex_torre,hex_torre,assets_individuais/hexes_terreno/hex_torre.png,hexes_terreno,01-1000614716.png,1234,695,123,135,transparente
s01_hex_desconhecido,hex_desconhecido,assets_individuais/hexes_terreno/hex_desconhecido.png,hexes_terreno,01-1000614716.png,1380,695,118,135,transparente
s01_sala_quadrada,sala_quadrada,assets_individuais/tiles_masmorra/sala_quadrada.png,tiles_masmorra,01-1000614716.png,14,815,117,125,transparente
s01_sala_pequena,sala_pequena,assets_individuais/tiles_masmorra/sala_pequena.png,tiles_masmorra,01-1000614716.png,144,815,102,125,transparente
s01_corredor,corredor,assets_individuais/tiles_masmorra/corredor.png,tiles_masmorra,01-1000614716.png,254,815,146,125,transparente
s01_cruzamento,cruzamento,assets_individuais/tiles_masmorra/cruzamento.png,tiles_masmorra,01-1000614716.png,410,815,113,125,transparente
s01_sala_redonda,sala_redonda,assets_individuais/tiles_masmorra/sala_redonda.png,tiles_masmorra,01-1000614716.png,532,815,107,125,transparente
s01_sala_escada,sala_escada,assets_individuais/tiles_masmorra/sala_escada.png,tiles_masmorra,01-1000614716.png,651,815,109,125,transparente
s01_porta_madeira,porta_madeira,assets_individuais/tiles_masmorra/porta_madeira.png,tiles_masmorra,01-1000614716.png,779,815,80,125,transparente
s01_porta_grade,porta_grade,assets_individuais/tiles_masmorra/porta_grade.png,tiles_masmorra,01-1000614716.png,858,815,88,125,transparente
s01_porta_estreita,porta_estreita,assets_individuais/tiles_masmorra/porta_estreita.png,tiles_masmorra,01-1000614716.png,953,815,84,125,transparente
s01_bau,bau,assets_individuais/tiles_masmorra/bau.png,tiles_masmorra,01-1000614716.png,1060,815,99,125,transparente
s01_fosso,fosso,assets_individuais/tiles_masmorra/fosso.png,tiles_masmorra,01-1000614716.png,1172,815,103,125,transparente
s01_porta_dupla,porta_dupla,assets_individuais/tiles_masmorra/porta_dupla.png,tiles_masmorra,01-1000614716.png,1283,815,89,125,transparente
s01_entulho,entulho,assets_individuais/tiles_masmorra/entulho.png,tiles_masmorra,01-1000614716.png,1385,815,118,125,transparente
s01_barra_vida,barra_vida,assets_individuais/hud_marcadores/barra_vida.png,hud_marcadores,01-1000614716.png,17,930,174,94,transparente
s01_barra_armadura,barra_armadura,assets_individuais/hud_marcadores/barra_armadura.png,hud_marcadores,01-1000614716.png,200,930,181,94,transparente
s01_barra_xp,barra_xp,assets_individuais/hud_marcadores/barra_xp.png,hud_marcadores,01-1000614716.png,392,930,183,94,transparente
s01_barra_viagem,barra_viagem,assets_individuais/hud_marcadores/barra_viagem.png,hud_marcadores,01-1000614716.png,586,930,166,94,transparente
s01_marcador_branco,marcador_branco,assets_individuais/hud_marcadores/marcador_branco.png,hud_marcadores,01-1000614716.png,768,930,46,94,transparente
s01_marcador_vermelho,marcador_vermelho,assets_individuais/hud_marcadores/marcador_vermelho.png,hud_marcadores,01-1000614716.png,828,930,47,94,transparente
s01_marcador_azul,marcador_azul,assets_individuais/hud_marcadores/marcador_azul.png,hud_marcadores,01-1000614716.png,887,930,47,94,transparente
s01_marcador_verde,marcador_verde,assets_individuais/hud_marcadores/marcador_verde.png,hud_marcadores,01-1000614716.png,945,930,47,94,transparente
s01_marcador_amarelo,marcador_amarelo,assets_individuais/hud_marcadores/marcador_amarelo.png,hud_marcadores,01-1000614716.png,1003,930,47,94,transparente
s01_marcador_roxo,marcador_roxo,assets_individuais/hud_marcadores/marcador_roxo.png,hud_marcadores,01-1000614716.png,1062,930,48,94,transparente
s01_circulo_vermelho,circulo_vermelho,assets_individuais/hud_marcadores/circulo_vermelho.png,hud_marcadores,01-1000614716.png,1131,930,53,94,transparente
s01_circulo_azul,circulo_azul,assets_individuais/hud_marcadores/circulo_azul.png,hud_marcadores,01-1000614716.png,1192,930,51,94,transparente
s01_circulo_verde,circulo_verde,assets_individuais/hud_marcadores/circulo_verde.png,hud_marcadores,01-1000614716.png,1254,930,52,94,transparente
s01_circulo_amarelo,circulo_amarelo,assets_individuais/hud_marcadores/circulo_amarelo.png,hud_marcadores,01-1000614716.png,1313,930,51,94,transparente
s01_moldura_branca,moldura_branca,assets_individuais/hud_marcadores/moldura_branca.png,hud_marcadores,01-1000614716.png,1372,930,66,94,transparente
s01_moldura_vermelha,moldura_vermelha,assets_individuais/hud_marcadores/moldura_vermelha.png,hud_marcadores,01-1000614716.png,1446,930,68,94,transparente
s02_equipamentos_variantes_01,equipamentos_variantes_01,assets_individuais/equipamentos_variantes/equipamentos_variantes_01.png,equipamentos_variantes,02-1000614715.png,10,5,68,110,transparente
s02_equipamentos_variantes_02,equipamentos_variantes_02,assets_individuais/equipamentos_variantes/equipamentos_variantes_02.png,equipamentos_variantes,02-1000614715.png,84,5,56,110,transparente
s02_equipamentos_variantes_03,equipamentos_variantes_03,assets_individuais/equipamentos_variantes/equipamentos_variantes_03.png,equipamentos_variantes,02-1000614715.png,141,5,46,110,transparente
s02_equipamentos_variantes_04,equipamentos_variantes_04,assets_individuais/equipamentos_variantes/equipamentos_variantes_04.png,equipamentos_variantes,02-1000614715.png,192,5,37,110,transparente
s02_equipamentos_variantes_05,equipamentos_variantes_05,assets_individuais/equipamentos_variantes/equipamentos_variantes_05.png,equipamentos_variantes,02-1000614715.png,239,5,36,110,transparente
s02_equipamentos_variantes_06,equipamentos_variantes_06,assets_individuais/equipamentos_variantes/equipamentos_variantes_06.png,equipamentos_variantes,02-1000614715.png,290,5,58,110,transparente
s02_equipamentos_variantes_07,equipamentos_variantes_07,assets_individuais/equipamentos_variantes/equipamentos_variantes_07.png,equipamentos_variantes,02-1000614715.png,356,5,40,110,transparente
s02_equipamentos_variantes_08,equipamentos_variantes_08,assets_individuais/equipamentos_variantes/equipamentos_variantes_08.png,equipamentos_variantes,02-1000614715.png,415,5,25,110,transparente
s02_equipamentos_variantes_09,equipamentos_variantes_09,assets_individuais/equipamentos_variantes/equipamentos_variantes_09.png,equipamentos_variantes,02-1000614715.png,447,5,73,110,transparente
s02_equipamentos_variantes_10,equipamentos_variantes_10,assets_individuais/equipamentos_variantes/equipamentos_variantes_10.png,equipamentos_variantes,02-1000614715.png,525,5,69,110,transparente
s02_equipamentos_variantes_11,equipamentos_variantes_11,assets_individuais/equipamentos_variantes/equipamentos_variantes_11.png,equipamentos_variantes,02-1000614715.png,589,5,96,110,transparente
s02_equipamentos_variantes_12,equipamentos_variantes_12,assets_individuais/equipamentos_variantes/equipamentos_variantes_12.png,equipamentos_variantes,02-1000614715.png,683,5,77,110,transparente
s02_equipamentos_variantes_13,equipamentos_variantes_13,assets_individuais/equipamentos_variantes/equipamentos_variantes_13.png,equipamentos_variantes,02-1000614715.png,751,5,68,110,transparente
s02_equipamentos_variantes_14,equipamentos_variantes_14,assets_individuais/equipamentos_variantes/equipamentos_variantes_14.png,equipamentos_variantes,02-1000614715.png,828,5,55,110,transparente
s02_equipamentos_variantes_15,equipamentos_variantes_15,assets_individuais/equipamentos_variantes/equipamentos_variantes_15.png,equipamentos_variantes,02-1000614715.png,891,5,74,110,transparente
s02_equipamentos_variantes_16,equipamentos_variantes_16,assets_individuais/equipamentos_variantes/equipamentos_variantes_16.png,equipamentos_variantes,02-1000614715.png,972,5,63,110,transparente
s02_equipamentos_variantes_17,equipamentos_variantes_17,assets_individuais/equipamentos_variantes/equipamentos_variantes_17.png,equipamentos_variantes,02-1000614715.png,1040,5,84,110,transparente
s02_equipamentos_variantes_18,equipamentos_variantes_18,assets_individuais/equipamentos_variantes/equipamentos_variantes_18.png,equipamentos_variantes,02-1000614715.png,1131,5,64,110,transparente
s02_equipamentos_variantes_19,equipamentos_variantes_19,assets_individuais/equipamentos_variantes/equipamentos_variantes_19.png,equipamentos_variantes,02-1000614715.png,1200,5,59,110,transparente
s02_equipamentos_variantes_20,equipamentos_variantes_20,assets_individuais/equipamentos_variantes/equipamentos_variantes_20.png,equipamentos_variantes,02-1000614715.png,1268,5,58,110,transparente
s02_equipamentos_variantes_21,equipamentos_variantes_21,assets_individuais/equipamentos_variantes/equipamentos_variantes_21.png,equipamentos_variantes,02-1000614715.png,1330,5,54,110,transparente
s02_equipamentos_variantes_22,equipamentos_variantes_22,assets_individuais/equipamentos_variantes/equipamentos_variantes_22.png,equipamentos_variantes,02-1000614715.png,1385,5,61,110,transparente
s02_equipamentos_variantes_23,equipamentos_variantes_23,assets_individuais/equipamentos_variantes/equipamentos_variantes_23.png,equipamentos_variantes,02-1000614715.png,1450,5,73,110,transparente
s02_ferramentas_consumiveis_01,ferramentas_consumiveis_01,assets_individuais/ferramentas_consumiveis/ferramentas_consumiveis_01.png,ferramentas_consumiveis,02-1000614715.png,30,100,29,115,transparente
s02_ferramentas_consumiveis_02,ferramentas_consumiveis_02,assets_individuais/ferramentas_consumiveis/ferramentas_consumiveis_02.png,ferramentas_consumiveis,02-1000614715.png,81,100,36,115,transparente
s02_ferramentas_consumiveis_03,ferramentas_consumiveis_03,assets_individuais/ferramentas_consumiveis/ferramentas_consumiveis_03.png,ferramentas_consumiveis,02-1000614715.png,113,100,65,115,transparente
s02_ferramentas_consumiveis_04,ferramentas_consumiveis_04,assets_individuais/ferramentas_consumiveis/ferramentas_consumiveis_04.png,ferramentas_consumiveis,02-1000614715.png,187,100,85,115,transparente
s02_ferramentas_consumiveis_05,ferramentas_consumiveis_05,assets_individuais/ferramentas_consumiveis/ferramentas_consumiveis_05.png,ferramentas_consumiveis,02-1000614715.png,265,100,66,115,transparente
s02_ferramentas_consumiveis_06,ferramentas_consumiveis_06,assets_individuais/ferramentas_consumiveis/ferramentas_consumiveis_06.png,ferramentas_consumiveis,02-1000614715.png,340,100,67,115,transparente
s02_ferramentas_consumiveis_07,ferramentas_consumiveis_07,assets_individuais/ferramentas_consumiveis/ferramentas_consumiveis_07.png,ferramentas_consumiveis,02-1000614715.png,401,100,89,115,transparente
s02_ferramentas_consumiveis_08,ferramentas_consumiveis_08,assets_individuais/ferramentas_consumiveis/ferramentas_consumiveis_08.png,ferramentas_consumiveis,02-1000614715.png,487,100,24,115,transparente
s02_ferramentas_consumiveis_09,ferramentas_consumiveis_09,assets_individuais/ferramentas_consumiveis/ferramentas_consumiveis_09.png,ferramentas_consumiveis,02-1000614715.png,501,100,63,115,transparente
s02_ferramentas_consumiveis_10,ferramentas_consumiveis_10,assets_individuais/ferramentas_consumiveis/ferramentas_consumiveis_10.png,ferramentas_consumiveis,02-1000614715.png,568,100,53,115,transparente
s02_ferramentas_consumiveis_11,ferramentas_consumiveis_11,assets_individuais/ferramentas_consumiveis/ferramentas_consumiveis_11.png,ferramentas_consumiveis,02-1000614715.png,621,100,55,115,transparente
s02_ferramentas_consumiveis_12,ferramentas_consumiveis_12,assets_individuais/ferramentas_consumiveis/ferramentas_consumiveis_12.png,ferramentas_consumiveis,02-1000614715.png,684,100,101,115,transparente
s02_ferramentas_consumiveis_13,ferramentas_consumiveis_13,assets_individuais/ferramentas_consumiveis/ferramentas_consumiveis_13.png,ferramentas_consumiveis,02-1000614715.png,780,100,63,115,transparente
s02_ferramentas_consumiveis_14,ferramentas_consumiveis_14,assets_individuais/ferramentas_consumiveis/ferramentas_consumiveis_14.png,ferramentas_consumiveis,02-1000614715.png,834,100,112,115,transparente
s02_ferramentas_consumiveis_15,ferramentas_consumiveis_15,assets_individuais/ferramentas_consumiveis/ferramentas_consumiveis_15.png,ferramentas_consumiveis,02-1000614715.png,942,100,58,115,transparente
s02_ferramentas_consumiveis_16,ferramentas_consumiveis_16,assets_individuais/ferramentas_consumiveis/ferramentas_consumiveis_16.png,ferramentas_consumiveis,02-1000614715.png,993,100,68,115,transparente
s02_ferramentas_consumiveis_17,ferramentas_consumiveis_17,assets_individuais/ferramentas_consumiveis/ferramentas_consumiveis_17.png,ferramentas_consumiveis,02-1000614715.png,1061,100,61,115,transparente
s02_ferramentas_consumiveis_18,ferramentas_consumiveis_18,assets_individuais/ferramentas_consumiveis/ferramentas_consumiveis_18.png,ferramentas_consumiveis,02-1000614715.png,1118,100,94,115,transparente
s02_ferramentas_consumiveis_19,ferramentas_consumiveis_19,assets_individuais/ferramentas_consumiveis/ferramentas_consumiveis_19.png,ferramentas_consumiveis,02-1000614715.png,1223,100,53,115,transparente
s02_ferramentas_consumiveis_20,ferramentas_consumiveis_20,assets_individuais/ferramentas_consumiveis/ferramentas_consumiveis_20.png,ferramentas_consumiveis,02-1000614715.png,1278,100,47,115,transparente
s02_ferramentas_consumiveis_21,ferramentas_consumiveis_21,assets_individuais/ferramentas_consumiveis/ferramentas_consumiveis_21.png,ferramentas_consumiveis,02-1000614715.png,1328,100,45,115,transparente
s02_ferramentas_consumiveis_22,ferramentas_consumiveis_22,assets_individuais/ferramentas_consumiveis/ferramentas_consumiveis_22.png,ferramentas_consumiveis,02-1000614715.png,1379,100,53,115,transparente
s02_ferramentas_consumiveis_23,ferramentas_consumiveis_23,assets_individuais/ferramentas_consumiveis/ferramentas_consumiveis_23.png,ferramentas_consumiveis,02-1000614715.png,1439,100,87,115,transparente
s02_livros_joias_relogios_01,livros_joias_relogios_01,assets_individuais/livros_joias_relogios/livros_joias_relogios_01.png,livros_joias_relogios,02-1000614715.png,25,200,38,95,transparente
s02_livros_joias_relogios_02,livros_joias_relogios_02,assets_individuais/livros_joias_relogios/livros_joias_relogios_02.png,livros_joias_relogios,02-1000614715.png,83,200,86,95,transparente
s02_livros_joias_relogios_03,livros_joias_relogios_03,assets_individuais/livros_joias_relogios/livros_joias_relogios_03.png,livros_joias_relogios,02-1000614715.png,173,200,77,95,transparente
s02_livros_joias_relogios_04,livros_joias_relogios_04,assets_individuais/livros_joias_relogios/livros_joias_relogios_04.png,livros_joias_relogios,02-1000614715.png,250,200,80,95,transparente
s02_livros_joias_relogios_05,livros_joias_relogios_05,assets_individuais/livros_joias_relogios/livros_joias_relogios_05.png,livros_joias_relogios,02-1000614715.png,332,200,76,95,transparente
s02_livros_joias_relogios_06,livros_joias_relogios_06,assets_individuais/livros_joias_relogios/livros_joias_relogios_06.png,livros_joias_relogios,02-1000614715.png,408,200,152,95,transparente
s02_livros_joias_relogios_07,livros_joias_relogios_07,assets_individuais/livros_joias_relogios/livros_joias_relogios_07.png,livros_joias_relogios,02-1000614715.png,558,200,63,95,transparente
s02_livros_joias_relogios_08,livros_joias_relogios_08,assets_individuais/livros_joias_relogios/livros_joias_relogios_08.png,livros_joias_relogios,02-1000614715.png,623,200,54,95,transparente
s02_livros_joias_relogios_09,livros_joias_relogios_09,assets_individuais/livros_joias_relogios/livros_joias_relogios_09.png,livros_joias_relogios,02-1000614715.png,689,200,58,95,transparente
s02_livros_joias_relogios_10,livros_joias_relogios_10,assets_individuais/livros_joias_relogios/livros_joias_relogios_10.png,livros_joias_relogios,02-1000614715.png,758,200,42,95,transparente
s02_livros_joias_relogios_11,livros_joias_relogios_11,assets_individuais/livros_joias_relogios/livros_joias_relogios_11.png,livros_joias_relogios,02-1000614715.png,804,200,61,95,transparente
s02_livros_joias_relogios_12,livros_joias_relogios_12,assets_individuais/livros_joias_relogios/livros_joias_relogios_12.png,livros_joias_relogios,02-1000614715.png,872,200,48,95,transparente
s02_livros_joias_relogios_13,livros_joias_relogios_13,assets_individuais/livros_joias_relogios/livros_joias_relogios_13.png,livros_joias_relogios,02-1000614715.png,929,200,68,95,transparente
s02_livros_joias_relogios_14,livros_joias_relogios_14,assets_individuais/livros_joias_relogios/livros_joias_relogios_14.png,livros_joias_relogios,02-1000614715.png,992,200,53,95,transparente
s02_livros_joias_relogios_15,livros_joias_relogios_15,assets_individuais/livros_joias_relogios/livros_joias_relogios_15.png,livros_joias_relogios,02-1000614715.png,1050,200,61,95,transparente
s02_livros_joias_relogios_16,livros_joias_relogios_16,assets_individuais/livros_joias_relogios/livros_joias_relogios_16.png,livros_joias_relogios,02-1000614715.png,1100,200,19,95,transparente
s02_livros_joias_relogios_17,livros_joias_relogios_17,assets_individuais/livros_joias_relogios/livros_joias_relogios_17.png,livros_joias_relogios,02-1000614715.png,1113,200,44,95,transparente
s02_livros_joias_relogios_18,livros_joias_relogios_18,assets_individuais/livros_joias_relogios/livros_joias_relogios_18.png,livros_joias_relogios,02-1000614715.png,1161,200,51,95,transparente
s02_livros_joias_relogios_19,livros_joias_relogios_19,assets_individuais/livros_joias_relogios/livros_joias_relogios_19.png,livros_joias_relogios,02-1000614715.png,1214,200,91,95,transparente
s02_livros_joias_relogios_20,livros_joias_relogios_20,assets_individuais/livros_joias_relogios/livros_joias_relogios_20.png,livros_joias_relogios,02-1000614715.png,1294,200,21,95,transparente
s02_livros_joias_relogios_21,livros_joias_relogios_21,assets_individuais/livros_joias_relogios/livros_joias_relogios_21.png,livros_joias_relogios,02-1000614715.png,1308,200,82,95,transparente
s02_livros_joias_relogios_22,livros_joias_relogios_22,assets_individuais/livros_joias_relogios/livros_joias_relogios_22.png,livros_joias_relogios,02-1000614715.png,1379,200,51,95,transparente
s02_livros_joias_relogios_23,livros_joias_relogios_23,assets_individuais/livros_joias_relogios/livros_joias_relogios_23.png,livros_joias_relogios,02-1000614715.png,1439,200,85,95,transparente
s02_portas_mobiliario_01,portas_mobiliario_01,assets_individuais/portas_mobiliario/portas_mobiliario_01.png,portas_mobiliario,02-1000614715.png,14,283,60,92,transparente
s02_portas_mobiliario_02,portas_mobiliario_02,assets_individuais/portas_mobiliario/portas_mobiliario_02.png,portas_mobiliario,02-1000614715.png,85,283,68,92,transparente
s02_portas_mobiliario_03,portas_mobiliario_03,assets_individuais/portas_mobiliario/portas_mobiliario_03.png,portas_mobiliario,02-1000614715.png,160,283,73,92,transparente
s02_portas_mobiliario_04,portas_mobiliario_04,assets_individuais/portas_mobiliario/portas_mobiliario_04.png,portas_mobiliario,02-1000614715.png,240,283,75,92,transparente
s02_portas_mobiliario_05,portas_mobiliario_05,assets_individuais/portas_mobiliario/portas_mobiliario_05.png,portas_mobiliario,02-1000614715.png,322,283,77,92,transparente
s02_portas_mobiliario_06,portas_mobiliario_06,assets_individuais/portas_mobiliario/portas_mobiliario_06.png,portas_mobiliario,02-1000614715.png,405,283,54,92,transparente
s02_portas_mobiliario_07,portas_mobiliario_07,assets_individuais/portas_mobiliario/portas_mobiliario_07.png,portas_mobiliario,02-1000614715.png,464,283,87,92,transparente
s02_portas_mobiliario_08,portas_mobiliario_08,assets_individuais/portas_mobiliario/portas_mobiliario_08.png,portas_mobiliario,02-1000614715.png,559,283,87,92,transparente
s02_portas_mobiliario_09,portas_mobiliario_09,assets_individuais/portas_mobiliario/portas_mobiliario_09.png,portas_mobiliario,02-1000614715.png,654,283,76,92,transparente
s02_portas_mobiliario_10,portas_mobiliario_10,assets_individuais/portas_mobiliario/portas_mobiliario_10.png,portas_mobiliario,02-1000614715.png,741,283,84,92,transparente
s02_portas_mobiliario_11,portas_mobiliario_11,assets_individuais/portas_mobiliario/portas_mobiliario_11.png,portas_mobiliario,02-1000614715.png,829,283,79,92,transparente
s02_portas_mobiliario_12,portas_mobiliario_12,assets_individuais/portas_mobiliario/portas_mobiliario_12.png,portas_mobiliario,02-1000614715.png,897,283,19,92,transparente
s02_portas_mobiliario_13,portas_mobiliario_13,assets_individuais/portas_mobiliario/portas_mobiliario_13.png,portas_mobiliario,02-1000614715.png,924,283,78,92,transparente
s02_portas_mobiliario_14,portas_mobiliario_14,assets_individuais/portas_mobiliario/portas_mobiliario_14.png,portas_mobiliario,02-1000614715.png,1007,283,37,92,transparente
s02_portas_mobiliario_15,portas_mobiliario_15,assets_individuais/portas_mobiliario/portas_mobiliario_15.png,portas_mobiliario,02-1000614715.png,1054,283,65,92,transparente
s02_portas_mobiliario_16,portas_mobiliario_16,assets_individuais/portas_mobiliario/portas_mobiliario_16.png,portas_mobiliario,02-1000614715.png,1120,283,43,92,transparente
s02_portas_mobiliario_17,portas_mobiliario_17,assets_individuais/portas_mobiliario/portas_mobiliario_17.png,portas_mobiliario,02-1000614715.png,1163,283,80,92,transparente
s02_portas_mobiliario_18,portas_mobiliario_18,assets_individuais/portas_mobiliario/portas_mobiliario_18.png,portas_mobiliario,02-1000614715.png,1245,283,52,92,transparente
s02_portas_mobiliario_19,portas_mobiliario_19,assets_individuais/portas_mobiliario/portas_mobiliario_19.png,portas_mobiliario,02-1000614715.png,1304,283,29,92,transparente
s02_portas_mobiliario_20,portas_mobiliario_20,assets_individuais/portas_mobiliario/portas_mobiliario_20.png,portas_mobiliario,02-1000614715.png,1329,283,35,92,transparente
s02_portas_mobiliario_21,portas_mobiliario_21,assets_individuais/portas_mobiliario/portas_mobiliario_21.png,portas_mobiliario,02-1000614715.png,1359,283,32,92,transparente
s02_portas_mobiliario_22,portas_mobiliario_22,assets_individuais/portas_mobiliario/portas_mobiliario_22.png,portas_mobiliario,02-1000614715.png,1399,283,41,92,transparente
s02_portas_mobiliario_23,portas_mobiliario_23,assets_individuais/portas_mobiliario/portas_mobiliario_23.png,portas_mobiliario,02-1000614715.png,1450,283,72,92,transparente
s02_tokens_herois_01,tokens_herois_01,assets_individuais/tokens_herois/tokens_herois_01.png,tokens_herois,02-1000614715.png,14,365,85,100,transparente
s02_tokens_herois_02,tokens_herois_02,assets_individuais/tokens_herois/tokens_herois_02.png,tokens_herois,02-1000614715.png,94,365,83,100,transparente
s02_tokens_herois_03,tokens_herois_03,assets_individuais/tokens_herois/tokens_herois_03.png,tokens_herois,02-1000614715.png,172,365,83,100,transparente
s02_tokens_herois_04,tokens_herois_04,assets_individuais/tokens_herois/tokens_herois_04.png,tokens_herois,02-1000614715.png,250,365,82,100,transparente
s02_tokens_herois_05,tokens_herois_05,assets_individuais/tokens_herois/tokens_herois_05.png,tokens_herois,02-1000614715.png,325,365,83,100,transparente
s02_tokens_herois_06,tokens_herois_06,assets_individuais/tokens_herois/tokens_herois_06.png,tokens_herois,02-1000614715.png,401,365,82,100,transparente
s02_tokens_herois_07,tokens_herois_07,assets_individuais/tokens_herois/tokens_herois_07.png,tokens_herois,02-1000614715.png,477,365,83,100,transparente
s02_tokens_herois_08,tokens_herois_08,assets_individuais/tokens_herois/tokens_herois_08.png,tokens_herois,02-1000614715.png,553,365,83,100,transparente
s02_tokens_herois_09,tokens_herois_09,assets_individuais/tokens_herois/tokens_herois_09.png,tokens_herois,02-1000614715.png,631,365,83,100,transparente
s02_tokens_herois_10,tokens_herois_10,assets_individuais/tokens_herois/tokens_herois_10.png,tokens_herois,02-1000614715.png,709,365,83,100,transparente
s02_tokens_herois_11,tokens_herois_11,assets_individuais/tokens_herois/tokens_herois_11.png,tokens_herois,02-1000614715.png,787,365,85,100,transparente
s02_tokens_herois_12,tokens_herois_12,assets_individuais/tokens_herois/tokens_herois_12.png,tokens_herois,02-1000614715.png,866,365,85,100,transparente
s02_tokens_herois_13,tokens_herois_13,assets_individuais/tokens_herois/tokens_herois_13.png,tokens_herois,02-1000614715.png,947,365,84,100,transparente
s02_tokens_herois_14,tokens_herois_14,assets_individuais/tokens_herois/tokens_herois_14.png,tokens_herois,02-1000614715.png,1026,365,83,100,transparente
s02_tokens_herois_15,tokens_herois_15,assets_individuais/tokens_herois/tokens_herois_15.png,tokens_herois,02-1000614715.png,1104,365,83,100,transparente
s02_tokens_herois_16,tokens_herois_16,assets_individuais/tokens_herois/tokens_herois_16.png,tokens_herois,02-1000614715.png,1183,365,83,100,transparente
s02_tokens_herois_17,tokens_herois_17,assets_individuais/tokens_herois/tokens_herois_17.png,tokens_herois,02-1000614715.png,1262,365,84,100,transparente
s02_tokens_herois_18,tokens_herois_18,assets_individuais/tokens_herois/tokens_herois_18.png,tokens_herois,02-1000614715.png,1343,365,85,100,transparente
s02_tokens_herois_19,tokens_herois_19,assets_individuais/tokens_herois/tokens_herois_19.png,tokens_herois,02-1000614715.png,1429,365,85,100,transparente
s02_tokens_monstros_01,tokens_monstros_01,assets_individuais/tokens_monstros/tokens_monstros_01.png,tokens_monstros,02-1000614715.png,14,450,86,105,transparente
s02_tokens_monstros_02,tokens_monstros_02,assets_individuais/tokens_monstros/tokens_monstros_02.png,tokens_monstros,02-1000614715.png,94,450,85,105,transparente
s02_tokens_monstros_03,tokens_monstros_03,assets_individuais/tokens_monstros/tokens_monstros_03.png,tokens_monstros,02-1000614715.png,172,450,85,105,transparente
s02_tokens_monstros_04,tokens_monstros_04,assets_individuais/tokens_monstros/tokens_monstros_04.png,tokens_monstros,02-1000614715.png,250,450,85,105,transparente
s02_tokens_monstros_05,tokens_monstros_05,assets_individuais/tokens_monstros/tokens_monstros_05.png,tokens_monstros,02-1000614715.png,326,450,85,105,transparente
s02_tokens_monstros_06,tokens_monstros_06,assets_individuais/tokens_monstros/tokens_monstros_06.png,tokens_monstros,02-1000614715.png,402,450,84,105,transparente
s02_tokens_monstros_07,tokens_monstros_07,assets_individuais/tokens_monstros/tokens_monstros_07.png,tokens_monstros,02-1000614715.png,478,450,84,105,transparente
s02_tokens_monstros_08,tokens_monstros_08,assets_individuais/tokens_monstros/tokens_monstros_08.png,tokens_monstros,02-1000614715.png,554,450,84,105,transparente
s02_tokens_monstros_09,tokens_monstros_09,assets_individuais/tokens_monstros/tokens_monstros_09.png,tokens_monstros,02-1000614715.png,633,450,89,105,transparente
s02_tokens_monstros_10,tokens_monstros_10,assets_individuais/tokens_monstros/tokens_monstros_10.png,tokens_monstros,02-1000614715.png,718,450,89,105,transparente
s02_tokens_monstros_11,tokens_monstros_11,assets_individuais/tokens_monstros/tokens_monstros_11.png,tokens_monstros,02-1000614715.png,801,450,89,105,transparente
s02_tokens_monstros_12,tokens_monstros_12,assets_individuais/tokens_monstros/tokens_monstros_12.png,tokens_monstros,02-1000614715.png,885,450,89,105,transparente
s02_tokens_monstros_13,tokens_monstros_13,assets_individuais/tokens_monstros/tokens_monstros_13.png,tokens_monstros,02-1000614715.png,969,450,89,105,transparente
s02_tokens_monstros_14,tokens_monstros_14,assets_individuais/tokens_monstros/tokens_monstros_14.png,tokens_monstros,02-1000614715.png,1054,450,89,105,transparente
s02_tokens_monstros_15,tokens_monstros_15,assets_individuais/tokens_monstros/tokens_monstros_15.png,tokens_monstros,02-1000614715.png,1139,450,88,105,transparente
s02_tokens_monstros_16,tokens_monstros_16,assets_individuais/tokens_monstros/tokens_monstros_16.png,tokens_monstros,02-1000614715.png,1223,450,91,105,transparente
s02_tokens_monstros_17,tokens_monstros_17,assets_individuais/tokens_monstros/tokens_monstros_17.png,tokens_monstros,02-1000614715.png,1310,450,91,105,transparente
s02_tokens_monstros_18,tokens_monstros_18,assets_individuais/tokens_monstros/tokens_monstros_18.png,tokens_monstros,02-1000614715.png,1399,450,124,105,transparente
s02_hexes_locais_01,hexes_locais_01,assets_individuais/hexes_locais/hexes_locais_01.png,hexes_locais,02-1000614715.png,14,545,106,135,transparente
s02_hexes_locais_02,hexes_locais_02,assets_individuais/hexes_locais/hexes_locais_02.png,hexes_locais,02-1000614715.png,118,545,104,135,transparente
s02_hexes_locais_03,hexes_locais_03,assets_individuais/hexes_locais/hexes_locais_03.png,hexes_locais,02-1000614715.png,220,545,104,135,transparente
s02_hexes_locais_04,hexes_locais_04,assets_individuais/hexes_locais/hexes_locais_04.png,hexes_locais,02-1000614715.png,322,545,103,135,transparente
s02_hexes_locais_05,hexes_locais_05,assets_individuais/hexes_locais/hexes_locais_05.png,hexes_locais,02-1000614715.png,424,545,103,135,transparente
s02_hexes_locais_06,hexes_locais_06,assets_individuais/hexes_locais/hexes_locais_06.png,hexes_locais,02-1000614715.png,526,545,101,135,transparente
s02_hexes_locais_07,hexes_locais_07,assets_individuais/hexes_locais/hexes_locais_07.png,hexes_locais,02-1000614715.png,625,545,101,135,transparente
s02_hexes_locais_08,hexes_locais_08,assets_individuais/hexes_locais/hexes_locais_08.png,hexes_locais,02-1000614715.png,722,545,101,135,transparente
s02_hexes_locais_09,hexes_locais_09,assets_individuais/hexes_locais/hexes_locais_09.png,hexes_locais,02-1000614715.png,820,545,100,135,transparente
s02_hexes_locais_10,hexes_locais_10,assets_individuais/hexes_locais/hexes_locais_10.png,hexes_locais,02-1000614715.png,916,545,101,135,transparente
s02_hexes_locais_11,hexes_locais_11,assets_individuais/hexes_locais/hexes_locais_11.png,hexes_locais,02-1000614715.png,1014,545,101,135,transparente
s02_hexes_locais_12,hexes_locais_12,assets_individuais/hexes_locais/hexes_locais_12.png,hexes_locais,02-1000614715.png,1113,545,102,135,transparente
s02_hexes_locais_13,hexes_locais_13,assets_individuais/hexes_locais/hexes_locais_13.png,hexes_locais,02-1000614715.png,1214,545,101,135,transparente
s02_hexes_locais_14,hexes_locais_14,assets_individuais/hexes_locais/hexes_locais_14.png,hexes_locais,02-1000614715.png,1313,545,102,135,transparente
s02_hexes_locais_15,hexes_locais_15,assets_individuais/hexes_locais/hexes_locais_15.png,hexes_locais,02-1000614715.png,1416,545,24,135,transparente
s02_hexes_locais_16,hexes_locais_16,assets_individuais/hexes_locais/hexes_locais_16.png,hexes_locais,02-1000614715.png,1429,545,21,135,transparente
s02_hexes_locais_17,hexes_locais_17,assets_individuais/hexes_locais/hexes_locais_17.png,hexes_locais,02-1000614715.png,1441,545,52,135,transparente
s02_hexes_locais_18,hexes_locais_18,assets_individuais/hexes_locais/hexes_locais_18.png,hexes_locais,02-1000614715.png,1484,545,21,135,transparente
s02_hexes_locais_19,hexes_locais_19,assets_individuais/hexes_locais/hexes_locais_19.png,hexes_locais,02-1000614715.png,1494,545,25,135,transparente
s02_marcadores_estados_01,marcadores_estados_01,assets_individuais/marcadores_estados/marcadores_estados_01.png,marcadores_estados,02-1000614715.png,15,670,42,90,transparente
s02_marcadores_estados_02,marcadores_estados_02,assets_individuais/marcadores_estados/marcadores_estados_02.png,marcadores_estados,02-1000614715.png,65,670,44,90,transparente
s02_marcadores_estados_03,marcadores_estados_03,assets_individuais/marcadores_estados/marcadores_estados_03.png,marcadores_estados,02-1000614715.png,116,670,46,90,transparente
s02_marcadores_estados_04,marcadores_estados_04,assets_individuais/marcadores_estados/marcadores_estados_04.png,marcadores_estados,02-1000614715.png,168,670,45,90,transparente
s02_marcadores_estados_05,marcadores_estados_05,assets_individuais/marcadores_estados/marcadores_estados_05.png,marcadores_estados,02-1000614715.png,219,670,45,90,transparente
s02_marcadores_estados_06,marcadores_estados_06,assets_individuais/marcadores_estados/marcadores_estados_06.png,marcadores_estados,02-1000614715.png,272,670,44,90,transparente
s02_marcadores_estados_07,marcadores_estados_07,assets_individuais/marcadores_estados/marcadores_estados_07.png,marcadores_estados,02-1000614715.png,325,670,45,90,transparente
s02_marcadores_estados_08,marcadores_estados_08,assets_individuais/marcadores_estados/marcadores_estados_08.png,marcadores_estados,02-1000614715.png,393,670,52,90,transparente
s02_marcadores_estados_09,marcadores_estados_09,assets_individuais/marcadores_estados/marcadores_estados_09.png,marcadores_estados,02-1000614715.png,454,670,52,90,transparente
s02_marcadores_estados_10,marcadores_estados_10,assets_individuais/marcadores_estados/marcadores_estados_10.png,marcadores_estados,02-1000614715.png,516,670,52,90,transparente
s02_marcadores_estados_11,marcadores_estados_11,assets_individuais/marcadores_estados/marcadores_estados_11.png,marcadores_estados,02-1000614715.png,587,670,54,90,transparente
s02_marcadores_estados_12,marcadores_estados_12,assets_individuais/marcadores_estados/marcadores_estados_12.png,marcadores_estados,02-1000614715.png,655,670,52,90,transparente
s02_marcadores_estados_13,marcadores_estados_13,assets_individuais/marcadores_estados/marcadores_estados_13.png,marcadores_estados,02-1000614715.png,714,670,53,90,transparente
s02_marcadores_estados_14,marcadores_estados_14,assets_individuais/marcadores_estados/marcadores_estados_14.png,marcadores_estados,02-1000614715.png,776,670,53,90,transparente
s02_marcadores_estados_15,marcadores_estados_15,assets_individuais/marcadores_estados/marcadores_estados_15.png,marcadores_estados,02-1000614715.png,838,670,54,90,transparente
s02_marcadores_estados_16,marcadores_estados_16,assets_individuais/marcadores_estados/marcadores_estados_16.png,marcadores_estados,02-1000614715.png,901,670,54,90,transparente
s02_marcadores_estados_17,marcadores_estados_17,assets_individuais/marcadores_estados/marcadores_estados_17.png,marcadores_estados,02-1000614715.png,965,670,54,90,transparente
s02_marcadores_estados_18,marcadores_estados_18,assets_individuais/marcadores_estados/marcadores_estados_18.png,marcadores_estados,02-1000614715.png,1032,670,53,90,transparente
s02_marcadores_estados_19,marcadores_estados_19,assets_individuais/marcadores_estados/marcadores_estados_19.png,marcadores_estados,02-1000614715.png,1098,670,54,90,transparente
s02_marcadores_estados_20,marcadores_estados_20,assets_individuais/marcadores_estados/marcadores_estados_20.png,marcadores_estados,02-1000614715.png,1159,670,59,90,transparente
s02_marcadores_estados_21,marcadores_estados_21,assets_individuais/marcadores_estados/marcadores_estados_21.png,marcadores_estados,02-1000614715.png,1220,670,60,90,transparente
s02_marcadores_estados_22,marcadores_estados_22,assets_individuais/marcadores_estados/marcadores_estados_22.png,marcadores_estados,02-1000614715.png,1280,670,59,90,transparente
s02_marcadores_estados_23,marcadores_estados_23,assets_individuais/marcadores_estados/marcadores_estados_23.png,marcadores_estados,02-1000614715.png,1338,670,21,90,transparente
s02_marcadores_estados_24,marcadores_estados_24,assets_individuais/marcadores_estados/marcadores_estados_24.png,marcadores_estados,02-1000614715.png,1348,670,50,90,transparente
s02_marcadores_estados_25,marcadores_estados_25,assets_individuais/marcadores_estados/marcadores_estados_25.png,marcadores_estados,02-1000614715.png,1399,670,22,90,transparente
s02_marcadores_estados_26,marcadores_estados_26,assets_individuais/marcadores_estados/marcadores_estados_26.png,marcadores_estados,02-1000614715.png,1411,670,20,90,transparente
s02_marcadores_estados_27,marcadores_estados_27,assets_individuais/marcadores_estados/marcadores_estados_27.png,marcadores_estados,02-1000614715.png,1423,670,19,90,transparente
s02_marcadores_estados_28,marcadores_estados_28,assets_individuais/marcadores_estados/marcadores_estados_28.png,marcadores_estados,02-1000614715.png,1434,670,21,90,transparente
s02_marcadores_estados_29,marcadores_estados_29,assets_individuais/marcadores_estados/marcadores_estados_29.png,marcadores_estados,02-1000614715.png,1457,670,60,90,transparente
s02_papeis_01,papeis_01,assets_individuais/papeis/papeis_01.png,papeis,02-1000614715.png,13,745,117,145,transparente
s02_papeis_02,papeis_02,assets_individuais/papeis/papeis_02.png,papeis,02-1000614715.png,144,745,103,145,transparente
s02_papeis_03,papeis_03,assets_individuais/papeis/papeis_03.png,papeis,02-1000614715.png,256,745,108,145,transparente
s02_papeis_04,papeis_04,assets_individuais/papeis/papeis_04.png,papeis,02-1000614715.png,370,745,113,145,transparente
s02_papeis_05,papeis_05,assets_individuais/papeis/papeis_05.png,papeis,02-1000614715.png,489,745,108,145,transparente
s02_papeis_06,papeis_06,assets_individuais/papeis/papeis_06.png,papeis,02-1000614715.png,606,745,98,145,transparente
s02_barras_hud_01,barras_hud_01,assets_individuais/barras_hud/barras_hud_01.png,barras_hud,02-1000614715.png,710,745,206,145,transparente
s02_barras_hud_02,barras_hud_02,assets_individuais/barras_hud/barras_hud_02.png,barras_hud,02-1000614715.png,916,745,207,145,transparente
s02_barras_hud_03,barras_hud_03,assets_individuais/barras_hud/barras_hud_03.png,barras_hud,02-1000614715.png,1123,745,207,145,transparente
s02_barras_hud_04,barras_hud_04,assets_individuais/barras_hud/barras_hud_04.png,barras_hud,02-1000614715.png,1330,745,206,145,transparente
s02_dados_01,dados_01,assets_individuais/dados/dados_01.png,dados,02-1000614715.png,16,875,80,85,transparente
s02_dados_02,dados_02,assets_individuais/dados/dados_02.png,dados,02-1000614715.png,99,875,81,85,transparente
s02_dados_03,dados_03,assets_individuais/dados/dados_03.png,dados,02-1000614715.png,184,875,83,85,transparente
s02_dados_04,dados_04,assets_individuais/dados/dados_04.png,dados,02-1000614715.png,273,875,85,85,transparente
s02_dados_05,dados_05,assets_individuais/dados/dados_05.png,dados,02-1000614715.png,365,875,87,85,transparente
s02_dados_06,dados_06,assets_individuais/dados/dados_06.png,dados,02-1000614715.png,457,875,89,85,transparente
s02_tiles_masmorra_variantes_01,tiles_masmorra_variantes_01,assets_individuais/tiles_masmorra_variantes/tiles_masmorra_variantes_01.png,tiles_masmorra_variantes,02-1000614715.png,558,875,21,149,transparente
s02_tiles_masmorra_variantes_02,tiles_masmorra_variantes_02,assets_individuais/tiles_masmorra_variantes/tiles_masmorra_variantes_02.png,tiles_masmorra_variantes,02-1000614715.png,572,875,23,149,transparente
s02_tiles_masmorra_variantes_03,tiles_masmorra_variantes_03,assets_individuais/tiles_masmorra_variantes/tiles_masmorra_variantes_03.png,tiles_masmorra_variantes,02-1000614715.png,589,875,21,149,transparente
s02_tiles_masmorra_variantes_04,tiles_masmorra_variantes_04,assets_individuais/tiles_masmorra_variantes/tiles_masmorra_variantes_04.png,tiles_masmorra_variantes,02-1000614715.png,603,875,21,149,transparente
s02_tiles_masmorra_variantes_05,tiles_masmorra_variantes_05,assets_individuais/tiles_masmorra_variantes/tiles_masmorra_variantes_05.png,tiles_masmorra_variantes,02-1000614715.png,628,875,30,149,transparente
s02_tiles_masmorra_variantes_06,tiles_masmorra_variantes_06,assets_individuais/tiles_masmorra_variantes/tiles_masmorra_variantes_06.png,tiles_masmorra_variantes,02-1000614715.png,647,875,19,149,transparente
s02_tiles_masmorra_variantes_07,tiles_masmorra_variantes_07,assets_individuais/tiles_masmorra_variantes/tiles_masmorra_variantes_07.png,tiles_masmorra_variantes,02-1000614715.png,655,875,28,149,transparente
s02_tiles_masmorra_variantes_08,tiles_masmorra_variantes_08,assets_individuais/tiles_masmorra_variantes/tiles_masmorra_variantes_08.png,tiles_masmorra_variantes,02-1000614715.png,672,875,31,149,transparente
s02_tiles_masmorra_variantes_09,tiles_masmorra_variantes_09,assets_individuais/tiles_masmorra_variantes/tiles_masmorra_variantes_09.png,tiles_masmorra_variantes,02-1000614715.png,714,875,105,149,transparente
s02_tiles_masmorra_variantes_10,tiles_masmorra_variantes_10,assets_individuais/tiles_masmorra_variantes/tiles_masmorra_variantes_10.png,tiles_masmorra_variantes,02-1000614715.png,827,875,426,149,transparente
s02_tiles_masmorra_variantes_11,tiles_masmorra_variantes_11,assets_individuais/tiles_masmorra_variantes/tiles_masmorra_variantes_11.png,tiles_masmorra_variantes,02-1000614715.png,1262,875,109,149,transparente
s02_tiles_masmorra_variantes_12,tiles_masmorra_variantes_12,assets_individuais/tiles_masmorra_variantes/tiles_masmorra_variantes_12.png,tiles_masmorra_variantes,02-1000614715.png,1384,875,61,149,transparente
s02_tiles_masmorra_variantes_13,tiles_masmorra_variantes_13,assets_individuais/tiles_masmorra_variantes/tiles_masmorra_variantes_13.png,tiles_masmorra_variantes,02-1000614715.png,1434,875,18,149,transparente
s02_tiles_masmorra_variantes_14,tiles_masmorra_variantes_14,assets_individuais/tiles_masmorra_variantes/tiles_masmorra_variantes_14.png,tiles_masmorra_variantes,02-1000614715.png,1449,875,32,149,transparente
s02_tiles_masmorra_variantes_15,tiles_masmorra_variantes_15,assets_individuais/tiles_masmorra_variantes/tiles_masmorra_variantes_15.png,tiles_masmorra_variantes,02-1000614715.png,1470,875,42,149,transparente
s03_armas_armaduras_01,armas_armaduras_01,assets_individuais/armas_armaduras/armas_armaduras_01.png,armas_armaduras,03-1000614717.png,10,0,70,105,transparente
s03_armas_armaduras_02,armas_armaduras_02,assets_individuais/armas_armaduras/armas_armaduras_02.png,armas_armaduras,03-1000614717.png,82,0,55,105,transparente
s03_armas_armaduras_03,armas_armaduras_03,assets_individuais/armas_armaduras/armas_armaduras_03.png,armas_armaduras,03-1000614717.png,141,0,53,105,transparente
s03_armas_armaduras_04,armas_armaduras_04,assets_individuais/armas_armaduras/armas_armaduras_04.png,armas_armaduras,03-1000614717.png,201,0,68,105,transparente
s03_armas_armaduras_05,armas_armaduras_05,assets_individuais/armas_armaduras/armas_armaduras_05.png,armas_armaduras,03-1000614717.png,269,0,65,105,transparente
s03_armas_armaduras_06,armas_armaduras_06,assets_individuais/armas_armaduras/armas_armaduras_06.png,armas_armaduras,03-1000614717.png,334,0,72,105,transparente
s03_armas_armaduras_07,armas_armaduras_07,assets_individuais/armas_armaduras/armas_armaduras_07.png,armas_armaduras,03-1000614717.png,401,0,65,105,transparente
s03_armas_armaduras_08,armas_armaduras_08,assets_individuais/armas_armaduras/armas_armaduras_08.png,armas_armaduras,03-1000614717.png,468,0,63,105,transparente
s03_armas_armaduras_09,armas_armaduras_09,assets_individuais/armas_armaduras/armas_armaduras_09.png,armas_armaduras,03-1000614717.png,527,0,68,105,transparente
s03_armas_armaduras_10,armas_armaduras_10,assets_individuais/armas_armaduras/armas_armaduras_10.png,armas_armaduras,03-1000614717.png,594,0,80,105,transparente
s03_armas_armaduras_11,armas_armaduras_11,assets_individuais/armas_armaduras/armas_armaduras_11.png,armas_armaduras,03-1000614717.png,675,0,66,105,transparente
s03_armas_armaduras_12,armas_armaduras_12,assets_individuais/armas_armaduras/armas_armaduras_12.png,armas_armaduras,03-1000614717.png,744,0,71,105,transparente
s03_armas_armaduras_13,armas_armaduras_13,assets_individuais/armas_armaduras/armas_armaduras_13.png,armas_armaduras,03-1000614717.png,824,0,77,105,transparente
s03_armas_armaduras_14,armas_armaduras_14,assets_individuais/armas_armaduras/armas_armaduras_14.png,armas_armaduras,03-1000614717.png,906,0,81,105,transparente
s03_armas_armaduras_15,armas_armaduras_15,assets_individuais/armas_armaduras/armas_armaduras_15.png,armas_armaduras,03-1000614717.png,990,0,81,105,transparente
s03_armas_armaduras_16,armas_armaduras_16,assets_individuais/armas_armaduras/armas_armaduras_16.png,armas_armaduras,03-1000614717.png,1076,0,76,105,transparente
s03_armas_armaduras_17,armas_armaduras_17,assets_individuais/armas_armaduras/armas_armaduras_17.png,armas_armaduras,03-1000614717.png,1152,0,90,105,transparente
s03_armas_armaduras_18,armas_armaduras_18,assets_individuais/armas_armaduras/armas_armaduras_18.png,armas_armaduras,03-1000614717.png,1243,0,76,105,transparente
s03_armas_armaduras_19,armas_armaduras_19,assets_individuais/armas_armaduras/armas_armaduras_19.png,armas_armaduras,03-1000614717.png,1323,0,70,105,transparente
s03_armas_armaduras_20,armas_armaduras_20,assets_individuais/armas_armaduras/armas_armaduras_20.png,armas_armaduras,03-1000614717.png,1397,0,63,105,transparente
s03_armas_armaduras_21,armas_armaduras_21,assets_individuais/armas_armaduras/armas_armaduras_21.png,armas_armaduras,03-1000614717.png,1466,0,60,105,transparente
s03_inventario_tesouros_01,inventario_tesouros_01,assets_individuais/inventario_tesouros/inventario_tesouros_01.png,inventario_tesouros,03-1000614717.png,8,95,82,100,transparente
s03_inventario_tesouros_02,inventario_tesouros_02,assets_individuais/inventario_tesouros/inventario_tesouros_02.png,inventario_tesouros,03-1000614717.png,92,95,70,100,transparente
s03_inventario_tesouros_03,inventario_tesouros_03,assets_individuais/inventario_tesouros/inventario_tesouros_03.png,inventario_tesouros,03-1000614717.png,166,95,54,100,transparente
s03_inventario_tesouros_04,inventario_tesouros_04,assets_individuais/inventario_tesouros/inventario_tesouros_04.png,inventario_tesouros,03-1000614717.png,235,95,59,100,transparente
s03_inventario_tesouros_05,inventario_tesouros_05,assets_individuais/inventario_tesouros/inventario_tesouros_05.png,inventario_tesouros,03-1000614717.png,307,95,57,100,transparente
s03_inventario_tesouros_06,inventario_tesouros_06,assets_individuais/inventario_tesouros/inventario_tesouros_06.png,inventario_tesouros,03-1000614717.png,369,95,62,100,transparente
s03_inventario_tesouros_07,inventario_tesouros_07,assets_individuais/inventario_tesouros/inventario_tesouros_07.png,inventario_tesouros,03-1000614717.png,434,95,76,100,transparente
s03_inventario_tesouros_08,inventario_tesouros_08,assets_individuais/inventario_tesouros/inventario_tesouros_08.png,inventario_tesouros,03-1000614717.png,511,95,71,100,transparente
s03_inventario_tesouros_09,inventario_tesouros_09,assets_individuais/inventario_tesouros/inventario_tesouros_09.png,inventario_tesouros,03-1000614717.png,576,95,65,100,transparente
s03_inventario_tesouros_10,inventario_tesouros_10,assets_individuais/inventario_tesouros/inventario_tesouros_10.png,inventario_tesouros,03-1000614717.png,639,95,76,100,transparente
s03_inventario_tesouros_11,inventario_tesouros_11,assets_individuais/inventario_tesouros/inventario_tesouros_11.png,inventario_tesouros,03-1000614717.png,722,95,49,100,transparente
s03_inventario_tesouros_12,inventario_tesouros_12,assets_individuais/inventario_tesouros/inventario_tesouros_12.png,inventario_tesouros,03-1000614717.png,775,95,101,100,transparente
s03_inventario_tesouros_13,inventario_tesouros_13,assets_individuais/inventario_tesouros/inventario_tesouros_13.png,inventario_tesouros,03-1000614717.png,877,95,80,100,transparente
s03_inventario_tesouros_14,inventario_tesouros_14,assets_individuais/inventario_tesouros/inventario_tesouros_14.png,inventario_tesouros,03-1000614717.png,955,95,80,100,transparente
s03_inventario_tesouros_15,inventario_tesouros_15,assets_individuais/inventario_tesouros/inventario_tesouros_15.png,inventario_tesouros,03-1000614717.png,1035,95,48,100,transparente
s03_inventario_tesouros_16,inventario_tesouros_16,assets_individuais/inventario_tesouros/inventario_tesouros_16.png,inventario_tesouros,03-1000614717.png,1085,95,57,100,transparente
s03_inventario_tesouros_17,inventario_tesouros_17,assets_individuais/inventario_tesouros/inventario_tesouros_17.png,inventario_tesouros,03-1000614717.png,1144,95,58,100,transparente
s03_inventario_tesouros_18,inventario_tesouros_18,assets_individuais/inventario_tesouros/inventario_tesouros_18.png,inventario_tesouros,03-1000614717.png,1204,95,51,100,transparente
s03_inventario_tesouros_19,inventario_tesouros_19,assets_individuais/inventario_tesouros/inventario_tesouros_19.png,inventario_tesouros,03-1000614717.png,1258,95,53,100,transparente
s03_inventario_tesouros_20,inventario_tesouros_20,assets_individuais/inventario_tesouros/inventario_tesouros_20.png,inventario_tesouros,03-1000614717.png,1313,95,65,100,transparente
s03_inventario_tesouros_21,inventario_tesouros_21,assets_individuais/inventario_tesouros/inventario_tesouros_21.png,inventario_tesouros,03-1000614717.png,1379,95,72,100,transparente
s03_inventario_tesouros_22,inventario_tesouros_22,assets_individuais/inventario_tesouros/inventario_tesouros_22.png,inventario_tesouros,03-1000614717.png,1450,95,80,100,transparente
s03_alquimia_magia_livros_01,alquimia_magia_livros_01,assets_individuais/alquimia_magia_livros/alquimia_magia_livros_01.png,alquimia_magia_livros,03-1000614717.png,11,183,59,107,transparente
s03_alquimia_magia_livros_02,alquimia_magia_livros_02,assets_individuais/alquimia_magia_livros/alquimia_magia_livros_02.png,alquimia_magia_livros,03-1000614717.png,76,183,54,107,transparente
s03_alquimia_magia_livros_03,alquimia_magia_livros_03,assets_individuais/alquimia_magia_livros/alquimia_magia_livros_03.png,alquimia_magia_livros,03-1000614717.png,133,183,56,107,transparente
s03_alquimia_magia_livros_04,alquimia_magia_livros_04,assets_individuais/alquimia_magia_livros/alquimia_magia_livros_04.png,alquimia_magia_livros,03-1000614717.png,195,183,53,107,transparente
s03_alquimia_magia_livros_05,alquimia_magia_livros_05,assets_individuais/alquimia_magia_livros/alquimia_magia_livros_05.png,alquimia_magia_livros,03-1000614717.png,255,183,54,107,transparente
s03_alquimia_magia_livros_06,alquimia_magia_livros_06,assets_individuais/alquimia_magia_livros/alquimia_magia_livros_06.png,alquimia_magia_livros,03-1000614717.png,313,183,52,107,transparente
s03_alquimia_magia_livros_07,alquimia_magia_livros_07,assets_individuais/alquimia_magia_livros/alquimia_magia_livros_07.png,alquimia_magia_livros,03-1000614717.png,371,183,57,107,transparente
s03_alquimia_magia_livros_08,alquimia_magia_livros_08,assets_individuais/alquimia_magia_livros/alquimia_magia_livros_08.png,alquimia_magia_livros,03-1000614717.png,435,183,41,107,transparente
s03_alquimia_magia_livros_09,alquimia_magia_livros_09,assets_individuais/alquimia_magia_livros/alquimia_magia_livros_09.png,alquimia_magia_livros,03-1000614717.png,486,183,47,107,transparente
s03_alquimia_magia_livros_10,alquimia_magia_livros_10,assets_individuais/alquimia_magia_livros/alquimia_magia_livros_10.png,alquimia_magia_livros,03-1000614717.png,542,183,68,107,transparente
s03_alquimia_magia_livros_11,alquimia_magia_livros_11,assets_individuais/alquimia_magia_livros/alquimia_magia_livros_11.png,alquimia_magia_livros,03-1000614717.png,610,183,60,107,transparente
s03_alquimia_magia_livros_12,alquimia_magia_livros_12,assets_individuais/alquimia_magia_livros/alquimia_magia_livros_12.png,alquimia_magia_livros,03-1000614717.png,672,183,60,107,transparente
s03_alquimia_magia_livros_13,alquimia_magia_livros_13,assets_individuais/alquimia_magia_livros/alquimia_magia_livros_13.png,alquimia_magia_livros,03-1000614717.png,733,183,47,107,transparente
s03_alquimia_magia_livros_14,alquimia_magia_livros_14,assets_individuais/alquimia_magia_livros/alquimia_magia_livros_14.png,alquimia_magia_livros,03-1000614717.png,769,183,196,107,transparente
s03_alquimia_magia_livros_15,alquimia_magia_livros_15,assets_individuais/alquimia_magia_livros/alquimia_magia_livros_15.png,alquimia_magia_livros,03-1000614717.png,956,183,61,107,transparente
s03_alquimia_magia_livros_16,alquimia_magia_livros_16,assets_individuais/alquimia_magia_livros/alquimia_magia_livros_16.png,alquimia_magia_livros,03-1000614717.png,1010,183,163,107,transparente
s03_alquimia_magia_livros_17,alquimia_magia_livros_17,assets_individuais/alquimia_magia_livros/alquimia_magia_livros_17.png,alquimia_magia_livros,03-1000614717.png,1164,183,165,107,transparente
s03_alquimia_magia_livros_18,alquimia_magia_livros_18,assets_individuais/alquimia_magia_livros/alquimia_magia_livros_18.png,alquimia_magia_livros,03-1000614717.png,1321,183,95,107,transparente
s03_alquimia_magia_livros_19,alquimia_magia_livros_19,assets_individuais/alquimia_magia_livros/alquimia_magia_livros_19.png,alquimia_magia_livros,03-1000614717.png,1413,183,108,107,transparente
s03_documentos_pergaminhos_01,documentos_pergaminhos_01,assets_individuais/documentos_pergaminhos/documentos_pergaminhos_01.png,documentos_pergaminhos,03-1000614717.png,2,280,95,105,transparente
s03_documentos_pergaminhos_02,documentos_pergaminhos_02,assets_individuais/documentos_pergaminhos/documentos_pergaminhos_02.png,documentos_pergaminhos,03-1000614717.png,90,280,96,105,transparente
s03_documentos_pergaminhos_03,documentos_pergaminhos_03,assets_individuais/documentos_pergaminhos/documentos_pergaminhos_03.png,documentos_pergaminhos,03-1000614717.png,178,280,92,105,transparente
s03_documentos_pergaminhos_04,documentos_pergaminhos_04,assets_individuais/documentos_pergaminhos/documentos_pergaminhos_04.png,documentos_pergaminhos,03-1000614717.png,266,280,86,105,transparente
s03_documentos_pergaminhos_05,documentos_pergaminhos_05,assets_individuais/documentos_pergaminhos/documentos_pergaminhos_05.png,documentos_pergaminhos,03-1000614717.png,351,280,88,105,transparente
s03_documentos_pergaminhos_06,documentos_pergaminhos_06,assets_individuais/documentos_pergaminhos/documentos_pergaminhos_06.png,documentos_pergaminhos,03-1000614717.png,438,280,81,105,transparente
s03_documentos_pergaminhos_07,documentos_pergaminhos_07,assets_individuais/documentos_pergaminhos/documentos_pergaminhos_07.png,documentos_pergaminhos,03-1000614717.png,519,280,93,105,transparente
s03_documentos_pergaminhos_08,documentos_pergaminhos_08,assets_individuais/documentos_pergaminhos/documentos_pergaminhos_08.png,documentos_pergaminhos,03-1000614717.png,611,280,86,105,transparente
s03_documentos_pergaminhos_09,documentos_pergaminhos_09,assets_individuais/documentos_pergaminhos/documentos_pergaminhos_09.png,documentos_pergaminhos,03-1000614717.png,699,280,103,105,transparente
s03_documentos_pergaminhos_10,documentos_pergaminhos_10,assets_individuais/documentos_pergaminhos/documentos_pergaminhos_10.png,documentos_pergaminhos,03-1000614717.png,798,280,99,105,transparente
s03_documentos_pergaminhos_11,documentos_pergaminhos_11,assets_individuais/documentos_pergaminhos/documentos_pergaminhos_11.png,documentos_pergaminhos,03-1000614717.png,894,280,97,105,transparente
s03_documentos_pergaminhos_12,documentos_pergaminhos_12,assets_individuais/documentos_pergaminhos/documentos_pergaminhos_12.png,documentos_pergaminhos,03-1000614717.png,990,280,108,105,transparente
s03_documentos_pergaminhos_13,documentos_pergaminhos_13,assets_individuais/documentos_pergaminhos/documentos_pergaminhos_13.png,documentos_pergaminhos,03-1000614717.png,1099,280,95,105,transparente
s03_documentos_pergaminhos_14,documentos_pergaminhos_14,assets_individuais/documentos_pergaminhos/documentos_pergaminhos_14.png,documentos_pergaminhos,03-1000614717.png,1198,280,111,105,transparente
s03_documentos_pergaminhos_15,documentos_pergaminhos_15,assets_individuais/documentos_pergaminhos/documentos_pergaminhos_15.png,documentos_pergaminhos,03-1000614717.png,1314,280,74,105,transparente
s03_documentos_pergaminhos_16,documentos_pergaminhos_16,assets_individuais/documentos_pergaminhos/documentos_pergaminhos_16.png,documentos_pergaminhos,03-1000614717.png,1389,280,73,105,transparente
s03_documentos_pergaminhos_17,documentos_pergaminhos_17,assets_individuais/documentos_pergaminhos/documentos_pergaminhos_17.png,documentos_pergaminhos,03-1000614717.png,1462,280,64,105,transparente
s03_simbolos_religiao_01,simbolos_religiao_01,assets_individuais/simbolos_religiao/simbolos_religiao_01.png,simbolos_religiao,03-1000614717.png,16,380,49,75,transparente
s03_simbolos_religiao_02,simbolos_religiao_02,assets_individuais/simbolos_religiao/simbolos_religiao_02.png,simbolos_religiao,03-1000614717.png,91,380,46,75,transparente
s03_simbolos_religiao_03,simbolos_religiao_03,assets_individuais/simbolos_religiao/simbolos_religiao_03.png,simbolos_religiao,03-1000614717.png,154,380,64,75,transparente
s03_simbolos_religiao_04,simbolos_religiao_04,assets_individuais/simbolos_religiao/simbolos_religiao_04.png,simbolos_religiao,03-1000614717.png,237,380,47,75,transparente
s03_simbolos_religiao_05,simbolos_religiao_05,assets_individuais/simbolos_religiao/simbolos_religiao_05.png,simbolos_religiao,03-1000614717.png,299,380,62,75,transparente
s03_simbolos_religiao_06,simbolos_religiao_06,assets_individuais/simbolos_religiao/simbolos_religiao_06.png,simbolos_religiao,03-1000614717.png,377,380,51,75,transparente
s03_simbolos_religiao_07,simbolos_religiao_07,assets_individuais/simbolos_religiao/simbolos_religiao_07.png,simbolos_religiao,03-1000614717.png,449,380,51,75,transparente
s03_simbolos_religiao_08,simbolos_religiao_08,assets_individuais/simbolos_religiao/simbolos_religiao_08.png,simbolos_religiao,03-1000614717.png,522,380,42,75,transparente
s03_simbolos_religiao_09,simbolos_religiao_09,assets_individuais/simbolos_religiao/simbolos_religiao_09.png,simbolos_religiao,03-1000614717.png,582,380,45,75,transparente
s03_simbolos_religiao_10,simbolos_religiao_10,assets_individuais/simbolos_religiao/simbolos_religiao_10.png,simbolos_religiao,03-1000614717.png,643,380,41,75,transparente
s03_simbolos_religiao_11,simbolos_religiao_11,assets_individuais/simbolos_religiao/simbolos_religiao_11.png,simbolos_religiao,03-1000614717.png,699,380,54,75,transparente
s03_simbolos_religiao_12,simbolos_religiao_12,assets_individuais/simbolos_religiao/simbolos_religiao_12.png,simbolos_religiao,03-1000614717.png,771,380,40,75,transparente
s03_simbolos_religiao_13,simbolos_religiao_13,assets_individuais/simbolos_religiao/simbolos_religiao_13.png,simbolos_religiao,03-1000614717.png,825,380,57,75,transparente
s03_simbolos_religiao_14,simbolos_religiao_14,assets_individuais/simbolos_religiao/simbolos_religiao_14.png,simbolos_religiao,03-1000614717.png,898,380,54,75,transparente
s03_simbolos_religiao_15,simbolos_religiao_15,assets_individuais/simbolos_religiao/simbolos_religiao_15.png,simbolos_religiao,03-1000614717.png,969,380,50,75,transparente
s03_simbolos_religiao_16,simbolos_religiao_16,assets_individuais/simbolos_religiao/simbolos_religiao_16.png,simbolos_religiao,03-1000614717.png,1036,380,51,75,transparente
s03_simbolos_religiao_17,simbolos_religiao_17,assets_individuais/simbolos_religiao/simbolos_religiao_17.png,simbolos_religiao,03-1000614717.png,1101,380,50,75,transparente
s03_simbolos_religiao_18,simbolos_religiao_18,assets_individuais/simbolos_religiao/simbolos_religiao_18.png,simbolos_religiao,03-1000614717.png,1165,380,24,75,transparente
s03_simbolos_religiao_19,simbolos_religiao_19,assets_individuais/simbolos_religiao/simbolos_religiao_19.png,simbolos_religiao,03-1000614717.png,1178,380,59,75,transparente
s03_simbolos_religiao_20,simbolos_religiao_20,assets_individuais/simbolos_religiao/simbolos_religiao_20.png,simbolos_religiao,03-1000614717.png,1242,380,73,75,transparente
s03_simbolos_religiao_21,simbolos_religiao_21,assets_individuais/simbolos_religiao/simbolos_religiao_21.png,simbolos_religiao,03-1000614717.png,1321,380,69,75,transparente
s03_simbolos_religiao_22,simbolos_religiao_22,assets_individuais/simbolos_religiao/simbolos_religiao_22.png,simbolos_religiao,03-1000614717.png,1399,380,60,75,transparente
s03_simbolos_religiao_23,simbolos_religiao_23,assets_individuais/simbolos_religiao/simbolos_religiao_23.png,simbolos_religiao,03-1000614717.png,1465,380,63,75,transparente
s03_simbolos_aventura_status_01,simbolos_aventura_status_01,assets_individuais/simbolos_aventura_status/simbolos_aventura_status_01.png,simbolos_aventura_status,03-1000614717.png,13,445,55,80,transparente
s03_simbolos_aventura_status_02,simbolos_aventura_status_02,assets_individuais/simbolos_aventura_status/simbolos_aventura_status_02.png,simbolos_aventura_status,03-1000614717.png,83,445,56,80,transparente
s03_simbolos_aventura_status_03,simbolos_aventura_status_03,assets_individuais/simbolos_aventura_status/simbolos_aventura_status_03.png,simbolos_aventura_status,03-1000614717.png,158,445,48,80,transparente
s03_simbolos_aventura_status_04,simbolos_aventura_status_04,assets_individuais/simbolos_aventura_status/simbolos_aventura_status_04.png,simbolos_aventura_status,03-1000614717.png,225,445,55,80,transparente
s03_simbolos_aventura_status_05,simbolos_aventura_status_05,assets_individuais/simbolos_aventura_status/simbolos_aventura_status_05.png,simbolos_aventura_status,03-1000614717.png,301,445,51,80,transparente
s03_simbolos_aventura_status_06,simbolos_aventura_status_06,assets_individuais/simbolos_aventura_status/simbolos_aventura_status_06.png,simbolos_aventura_status,03-1000614717.png,371,445,59,80,transparente
s03_simbolos_aventura_status_07,simbolos_aventura_status_07,assets_individuais/simbolos_aventura_status/simbolos_aventura_status_07.png,simbolos_aventura_status,03-1000614717.png,461,445,24,80,transparente
s03_simbolos_aventura_status_08,simbolos_aventura_status_08,assets_individuais/simbolos_aventura_status/simbolos_aventura_status_08.png,simbolos_aventura_status,03-1000614717.png,482,445,28,80,transparente
s03_simbolos_aventura_status_09,simbolos_aventura_status_09,assets_individuais/simbolos_aventura_status/simbolos_aventura_status_09.png,simbolos_aventura_status,03-1000614717.png,533,445,50,80,transparente
s03_simbolos_aventura_status_10,simbolos_aventura_status_10,assets_individuais/simbolos_aventura_status/simbolos_aventura_status_10.png,simbolos_aventura_status,03-1000614717.png,597,445,52,80,transparente
s03_simbolos_aventura_status_11,simbolos_aventura_status_11,assets_individuais/simbolos_aventura_status/simbolos_aventura_status_11.png,simbolos_aventura_status,03-1000614717.png,663,445,47,80,transparente
s03_simbolos_aventura_status_12,simbolos_aventura_status_12,assets_individuais/simbolos_aventura_status/simbolos_aventura_status_12.png,simbolos_aventura_status,03-1000614717.png,737,445,54,80,transparente
s03_simbolos_aventura_status_13,simbolos_aventura_status_13,assets_individuais/simbolos_aventura_status/simbolos_aventura_status_13.png,simbolos_aventura_status,03-1000614717.png,814,445,60,80,transparente
s03_simbolos_aventura_status_14,simbolos_aventura_status_14,assets_individuais/simbolos_aventura_status/simbolos_aventura_status_14.png,simbolos_aventura_status,03-1000614717.png,884,445,55,80,transparente
s03_simbolos_aventura_status_15,simbolos_aventura_status_15,assets_individuais/simbolos_aventura_status/simbolos_aventura_status_15.png,simbolos_aventura_status,03-1000614717.png,947,445,48,80,transparente
s03_simbolos_aventura_status_16,simbolos_aventura_status_16,assets_individuais/simbolos_aventura_status/simbolos_aventura_status_16.png,simbolos_aventura_status,03-1000614717.png,1006,445,42,80,transparente
s03_simbolos_aventura_status_17,simbolos_aventura_status_17,assets_individuais/simbolos_aventura_status/simbolos_aventura_status_17.png,simbolos_aventura_status,03-1000614717.png,1058,445,49,80,transparente
s03_simbolos_aventura_status_18,simbolos_aventura_status_18,assets_individuais/simbolos_aventura_status/simbolos_aventura_status_18.png,simbolos_aventura_status,03-1000614717.png,1116,445,45,80,transparente
s03_simbolos_aventura_status_19,simbolos_aventura_status_19,assets_individuais/simbolos_aventura_status/simbolos_aventura_status_19.png,simbolos_aventura_status,03-1000614717.png,1169,445,56,80,transparente
s03_simbolos_aventura_status_20,simbolos_aventura_status_20,assets_individuais/simbolos_aventura_status/simbolos_aventura_status_20.png,simbolos_aventura_status,03-1000614717.png,1237,445,41,80,transparente
s03_simbolos_aventura_status_21,simbolos_aventura_status_21,assets_individuais/simbolos_aventura_status/simbolos_aventura_status_21.png,simbolos_aventura_status,03-1000614717.png,1286,445,42,80,transparente
s03_simbolos_aventura_status_22,simbolos_aventura_status_22,assets_individuais/simbolos_aventura_status/simbolos_aventura_status_22.png,simbolos_aventura_status,03-1000614717.png,1335,445,42,80,transparente
s03_simbolos_aventura_status_23,simbolos_aventura_status_23,assets_individuais/simbolos_aventura_status/simbolos_aventura_status_23.png,simbolos_aventura_status,03-1000614717.png,1384,445,42,80,transparente
s03_simbolos_aventura_status_24,simbolos_aventura_status_24,assets_individuais/simbolos_aventura_status/simbolos_aventura_status_24.png,simbolos_aventura_status,03-1000614717.png,1433,445,42,80,transparente
s03_simbolos_aventura_status_25,simbolos_aventura_status_25,assets_individuais/simbolos_aventura_status/simbolos_aventura_status_25.png,simbolos_aventura_status,03-1000614717.png,1482,445,41,80,transparente
s03_tokens_herois_monstros_a_01,tokens_herois_monstros_a_01,assets_individuais/tokens_herois_monstros_a/tokens_herois_monstros_a_01.png,tokens_herois_monstros_a,03-1000614717.png,4,515,81,95,transparente
s03_tokens_herois_monstros_a_02,tokens_herois_monstros_a_02,assets_individuais/tokens_herois_monstros_a/tokens_herois_monstros_a_02.png,tokens_herois_monstros_a,03-1000614717.png,83,515,82,95,transparente
s03_tokens_herois_monstros_a_03,tokens_herois_monstros_a_03,assets_individuais/tokens_herois_monstros_a/tokens_herois_monstros_a_03.png,tokens_herois_monstros_a,03-1000614717.png,164,515,83,95,transparente
s03_tokens_herois_monstros_a_04,tokens_herois_monstros_a_04,assets_individuais/tokens_herois_monstros_a/tokens_herois_monstros_a_04.png,tokens_herois_monstros_a,03-1000614717.png,246,515,80,95,transparente
s03_tokens_herois_monstros_a_05,tokens_herois_monstros_a_05,assets_individuais/tokens_herois_monstros_a/tokens_herois_monstros_a_05.png,tokens_herois_monstros_a,03-1000614717.png,324,515,84,95,transparente
s03_tokens_herois_monstros_a_06,tokens_herois_monstros_a_06,assets_individuais/tokens_herois_monstros_a/tokens_herois_monstros_a_06.png,tokens_herois_monstros_a,03-1000614717.png,408,515,82,95,transparente
s03_tokens_herois_monstros_a_07,tokens_herois_monstros_a_07,assets_individuais/tokens_herois_monstros_a/tokens_herois_monstros_a_07.png,tokens_herois_monstros_a,03-1000614717.png,489,515,82,95,transparente
s03_tokens_herois_monstros_a_08,tokens_herois_monstros_a_08,assets_individuais/tokens_herois_monstros_a/tokens_herois_monstros_a_08.png,tokens_herois_monstros_a,03-1000614717.png,570,515,82,95,transparente
s03_tokens_herois_monstros_a_09,tokens_herois_monstros_a_09,assets_individuais/tokens_herois_monstros_a/tokens_herois_monstros_a_09.png,tokens_herois_monstros_a,03-1000614717.png,653,515,83,95,transparente
s03_tokens_herois_monstros_a_10,tokens_herois_monstros_a_10,assets_individuais/tokens_herois_monstros_a/tokens_herois_monstros_a_10.png,tokens_herois_monstros_a,03-1000614717.png,736,515,83,95,transparente
s03_tokens_herois_monstros_a_11,tokens_herois_monstros_a_11,assets_individuais/tokens_herois_monstros_a/tokens_herois_monstros_a_11.png,tokens_herois_monstros_a,03-1000614717.png,819,515,84,95,transparente
s03_tokens_herois_monstros_a_12,tokens_herois_monstros_a_12,assets_individuais/tokens_herois_monstros_a/tokens_herois_monstros_a_12.png,tokens_herois_monstros_a,03-1000614717.png,904,515,83,95,transparente
s03_tokens_herois_monstros_a_13,tokens_herois_monstros_a_13,assets_individuais/tokens_herois_monstros_a/tokens_herois_monstros_a_13.png,tokens_herois_monstros_a,03-1000614717.png,988,515,83,95,transparente
s03_tokens_herois_monstros_a_14,tokens_herois_monstros_a_14,assets_individuais/tokens_herois_monstros_a/tokens_herois_monstros_a_14.png,tokens_herois_monstros_a,03-1000614717.png,1071,515,81,95,transparente
s03_tokens_herois_monstros_a_15,tokens_herois_monstros_a_15,assets_individuais/tokens_herois_monstros_a/tokens_herois_monstros_a_15.png,tokens_herois_monstros_a,03-1000614717.png,1148,515,80,95,transparente
s03_tokens_herois_monstros_a_16,tokens_herois_monstros_a_16,assets_individuais/tokens_herois_monstros_a/tokens_herois_monstros_a_16.png,tokens_herois_monstros_a,03-1000614717.png,1226,515,80,95,transparente
s03_tokens_herois_monstros_a_17,tokens_herois_monstros_a_17,assets_individuais/tokens_herois_monstros_a/tokens_herois_monstros_a_17.png,tokens_herois_monstros_a,03-1000614717.png,1302,515,80,95,transparente
s03_tokens_herois_monstros_a_18,tokens_herois_monstros_a_18,assets_individuais/tokens_herois_monstros_a/tokens_herois_monstros_a_18.png,tokens_herois_monstros_a,03-1000614717.png,1378,515,78,95,transparente
s03_tokens_herois_monstros_a_19,tokens_herois_monstros_a_19,assets_individuais/tokens_herois_monstros_a/tokens_herois_monstros_a_19.png,tokens_herois_monstros_a,03-1000614717.png,1452,515,78,95,transparente
s03_tokens_monstros_b_01,tokens_monstros_b_01,assets_individuais/tokens_monstros_b/tokens_monstros_b_01.png,tokens_monstros_b,03-1000614717.png,9,600,85,110,transparente
s03_tokens_monstros_b_02,tokens_monstros_b_02,assets_individuais/tokens_monstros_b/tokens_monstros_b_02.png,tokens_monstros_b,03-1000614717.png,98,600,86,110,transparente
s03_tokens_monstros_b_03,tokens_monstros_b_03,assets_individuais/tokens_monstros_b/tokens_monstros_b_03.png,tokens_monstros_b,03-1000614717.png,189,600,86,110,transparente
s03_tokens_monstros_b_04,tokens_monstros_b_04,assets_individuais/tokens_monstros_b/tokens_monstros_b_04.png,tokens_monstros_b,03-1000614717.png,278,600,86,110,transparente
s03_tokens_monstros_b_05,tokens_monstros_b_05,assets_individuais/tokens_monstros_b/tokens_monstros_b_05.png,tokens_monstros_b,03-1000614717.png,367,600,85,110,transparente
s03_tokens_monstros_b_06,tokens_monstros_b_06,assets_individuais/tokens_monstros_b/tokens_monstros_b_06.png,tokens_monstros_b,03-1000614717.png,456,600,83,110,transparente
s03_tokens_monstros_b_07,tokens_monstros_b_07,assets_individuais/tokens_monstros_b/tokens_monstros_b_07.png,tokens_monstros_b,03-1000614717.png,543,600,83,110,transparente
s03_tokens_monstros_b_08,tokens_monstros_b_08,assets_individuais/tokens_monstros_b/tokens_monstros_b_08.png,tokens_monstros_b,03-1000614717.png,630,600,85,110,transparente
s03_tokens_monstros_b_09,tokens_monstros_b_09,assets_individuais/tokens_monstros_b/tokens_monstros_b_09.png,tokens_monstros_b,03-1000614717.png,719,600,85,110,transparente
s03_tokens_monstros_b_10,tokens_monstros_b_10,assets_individuais/tokens_monstros_b/tokens_monstros_b_10.png,tokens_monstros_b,03-1000614717.png,808,600,85,110,transparente
s03_tokens_monstros_b_11,tokens_monstros_b_11,assets_individuais/tokens_monstros_b/tokens_monstros_b_11.png,tokens_monstros_b,03-1000614717.png,896,600,84,110,transparente
s03_tokens_monstros_b_12,tokens_monstros_b_12,assets_individuais/tokens_monstros_b/tokens_monstros_b_12.png,tokens_monstros_b,03-1000614717.png,984,600,83,110,transparente
s03_tokens_monstros_b_13,tokens_monstros_b_13,assets_individuais/tokens_monstros_b/tokens_monstros_b_13.png,tokens_monstros_b,03-1000614717.png,1071,600,83,110,transparente
s03_tokens_monstros_b_14,tokens_monstros_b_14,assets_individuais/tokens_monstros_b/tokens_monstros_b_14.png,tokens_monstros_b,03-1000614717.png,1156,600,84,110,transparente
s03_tokens_monstros_b_15,tokens_monstros_b_15,assets_individuais/tokens_monstros_b/tokens_monstros_b_15.png,tokens_monstros_b,03-1000614717.png,1243,600,83,110,transparente
s03_tokens_monstros_b_16,tokens_monstros_b_16,assets_individuais/tokens_monstros_b/tokens_monstros_b_16.png,tokens_monstros_b,03-1000614717.png,1329,600,85,110,transparente
s03_tokens_monstros_b_17,tokens_monstros_b_17,assets_individuais/tokens_monstros_b/tokens_monstros_b_17.png,tokens_monstros_b,03-1000614717.png,1429,600,71,110,transparente
s03_tokens_monstros_b_18,tokens_monstros_b_18,assets_individuais/tokens_monstros_b/tokens_monstros_b_18.png,tokens_monstros_b,03-1000614717.png,1489,600,19,110,transparente
s03_tokens_monstros_b_19,tokens_monstros_b_19,assets_individuais/tokens_monstros_b/tokens_monstros_b_19.png,tokens_monstros_b,03-1000614717.png,1497,600,26,110,transparente
s03_hexes_terreno_locais_01,hexes_terreno_locais_01,assets_individuais/hexes_terreno_locais/hexes_terreno_locais_01.png,hexes_terreno_locais,03-1000614717.png,8,700,81,100,transparente
s03_hexes_terreno_locais_02,hexes_terreno_locais_02,assets_individuais/hexes_terreno_locais/hexes_terreno_locais_02.png,hexes_terreno_locais,03-1000614717.png,92,700,86,100,transparente
s03_hexes_terreno_locais_03,hexes_terreno_locais_03,assets_individuais/hexes_terreno_locais/hexes_terreno_locais_03.png,hexes_terreno_locais,03-1000614717.png,182,700,74,100,transparente
s03_hexes_terreno_locais_04,hexes_terreno_locais_04,assets_individuais/hexes_terreno_locais/hexes_terreno_locais_04.png,hexes_terreno_locais,03-1000614717.png,261,700,76,100,transparente
s03_hexes_terreno_locais_05,hexes_terreno_locais_05,assets_individuais/hexes_terreno_locais/hexes_terreno_locais_05.png,hexes_terreno_locais,03-1000614717.png,344,700,77,100,transparente
s03_hexes_terreno_locais_06,hexes_terreno_locais_06,assets_individuais/hexes_terreno_locais/hexes_terreno_locais_06.png,hexes_terreno_locais,03-1000614717.png,440,700,74,100,transparente
s03_hexes_terreno_locais_07,hexes_terreno_locais_07,assets_individuais/hexes_terreno_locais/hexes_terreno_locais_07.png,hexes_terreno_locais,03-1000614717.png,523,700,81,100,transparente
s03_hexes_terreno_locais_08,hexes_terreno_locais_08,assets_individuais/hexes_terreno_locais/hexes_terreno_locais_08.png,hexes_terreno_locais,03-1000614717.png,613,700,68,100,transparente
s03_hexes_terreno_locais_09,hexes_terreno_locais_09,assets_individuais/hexes_terreno_locais/hexes_terreno_locais_09.png,hexes_terreno_locais,03-1000614717.png,683,700,65,100,transparente
s03_hexes_terreno_locais_10,hexes_terreno_locais_10,assets_individuais/hexes_terreno_locais/hexes_terreno_locais_10.png,hexes_terreno_locais,03-1000614717.png,752,700,69,100,transparente
s03_hexes_terreno_locais_11,hexes_terreno_locais_11,assets_individuais/hexes_terreno_locais/hexes_terreno_locais_11.png,hexes_terreno_locais,03-1000614717.png,830,700,63,100,transparente
s03_hexes_terreno_locais_12,hexes_terreno_locais_12,assets_individuais/hexes_terreno_locais/hexes_terreno_locais_12.png,hexes_terreno_locais,03-1000614717.png,897,700,87,100,transparente
s03_hexes_terreno_locais_13,hexes_terreno_locais_13,assets_individuais/hexes_terreno_locais/hexes_terreno_locais_13.png,hexes_terreno_locais,03-1000614717.png,991,700,73,100,transparente
s03_hexes_terreno_locais_14,hexes_terreno_locais_14,assets_individuais/hexes_terreno_locais/hexes_terreno_locais_14.png,hexes_terreno_locais,03-1000614717.png,1067,700,72,100,transparente
s03_hexes_terreno_locais_15,hexes_terreno_locais_15,assets_individuais/hexes_terreno_locais/hexes_terreno_locais_15.png,hexes_terreno_locais,03-1000614717.png,1144,700,65,100,transparente
s03_hexes_terreno_locais_16,hexes_terreno_locais_16,assets_individuais/hexes_terreno_locais/hexes_terreno_locais_16.png,hexes_terreno_locais,03-1000614717.png,1215,700,80,100,transparente
s03_hexes_terreno_locais_17,hexes_terreno_locais_17,assets_individuais/hexes_terreno_locais/hexes_terreno_locais_17.png,hexes_terreno_locais,03-1000614717.png,1297,700,87,100,transparente
s03_hexes_terreno_locais_18,hexes_terreno_locais_18,assets_individuais/hexes_terreno_locais/hexes_terreno_locais_18.png,hexes_terreno_locais,03-1000614717.png,1388,700,69,100,transparente
s03_hexes_terreno_locais_19,hexes_terreno_locais_19,assets_individuais/hexes_terreno_locais/hexes_terreno_locais_19.png,hexes_terreno_locais,03-1000614717.png,1462,700,66,100,transparente
s03_tiles_portas_masmorra_01,tiles_portas_masmorra_01,assets_individuais/tiles_portas_masmorra/tiles_portas_masmorra_01.png,tiles_portas_masmorra,03-1000614717.png,11,790,68,90,transparente
s03_tiles_portas_masmorra_02,tiles_portas_masmorra_02,assets_individuais/tiles_portas_masmorra/tiles_portas_masmorra_02.png,tiles_portas_masmorra,03-1000614717.png,82,790,73,90,transparente
s03_tiles_portas_masmorra_03,tiles_portas_masmorra_03,assets_individuais/tiles_portas_masmorra/tiles_portas_masmorra_03.png,tiles_portas_masmorra,03-1000614717.png,158,790,84,90,transparente
s03_tiles_portas_masmorra_04,tiles_portas_masmorra_04,assets_individuais/tiles_portas_masmorra/tiles_portas_masmorra_04.png,tiles_portas_masmorra,03-1000614717.png,247,790,71,90,transparente
s03_tiles_portas_masmorra_05,tiles_portas_masmorra_05,assets_individuais/tiles_portas_masmorra/tiles_portas_masmorra_05.png,tiles_portas_masmorra,03-1000614717.png,328,790,49,90,transparente
s03_tiles_portas_masmorra_06,tiles_portas_masmorra_06,assets_individuais/tiles_portas_masmorra/tiles_portas_masmorra_06.png,tiles_portas_masmorra,03-1000614717.png,381,790,44,90,transparente
s03_tiles_portas_masmorra_07,tiles_portas_masmorra_07,assets_individuais/tiles_portas_masmorra/tiles_portas_masmorra_07.png,tiles_portas_masmorra,03-1000614717.png,428,790,56,90,transparente
s03_tiles_portas_masmorra_08,tiles_portas_masmorra_08,assets_individuais/tiles_portas_masmorra/tiles_portas_masmorra_08.png,tiles_portas_masmorra,03-1000614717.png,494,790,39,90,transparente
s03_tiles_portas_masmorra_09,tiles_portas_masmorra_09,assets_individuais/tiles_portas_masmorra/tiles_portas_masmorra_09.png,tiles_portas_masmorra,03-1000614717.png,551,790,41,90,transparente
s03_tiles_portas_masmorra_10,tiles_portas_masmorra_10,assets_individuais/tiles_portas_masmorra/tiles_portas_masmorra_10.png,tiles_portas_masmorra,03-1000614717.png,613,790,51,90,transparente
s03_tiles_portas_masmorra_11,tiles_portas_masmorra_11,assets_individuais/tiles_portas_masmorra/tiles_portas_masmorra_11.png,tiles_portas_masmorra,03-1000614717.png,682,790,46,90,transparente
s03_tiles_portas_masmorra_12,tiles_portas_masmorra_12,assets_individuais/tiles_portas_masmorra/tiles_portas_masmorra_12.png,tiles_portas_masmorra,03-1000614717.png,743,790,69,90,transparente
s03_tiles_portas_masmorra_13,tiles_portas_masmorra_13,assets_individuais/tiles_portas_masmorra/tiles_portas_masmorra_13.png,tiles_portas_masmorra,03-1000614717.png,820,790,62,90,transparente
s03_tiles_portas_masmorra_14,tiles_portas_masmorra_14,assets_individuais/tiles_portas_masmorra/tiles_portas_masmorra_14.png,tiles_portas_masmorra,03-1000614717.png,890,790,71,90,transparente
s03_tiles_portas_masmorra_15,tiles_portas_masmorra_15,assets_individuais/tiles_portas_masmorra/tiles_portas_masmorra_15.png,tiles_portas_masmorra,03-1000614717.png,967,790,84,90,transparente
s03_tiles_portas_masmorra_16,tiles_portas_masmorra_16,assets_individuais/tiles_portas_masmorra/tiles_portas_masmorra_16.png,tiles_portas_masmorra,03-1000614717.png,1058,790,72,90,transparente
s03_tiles_portas_masmorra_17,tiles_portas_masmorra_17,assets_individuais/tiles_portas_masmorra/tiles_portas_masmorra_17.png,tiles_portas_masmorra,03-1000614717.png,1137,790,76,90,transparente
s03_tiles_portas_masmorra_18,tiles_portas_masmorra_18,assets_individuais/tiles_portas_masmorra/tiles_portas_masmorra_18.png,tiles_portas_masmorra,03-1000614717.png,1223,790,56,90,transparente
s03_tiles_portas_masmorra_19,tiles_portas_masmorra_19,assets_individuais/tiles_portas_masmorra/tiles_portas_masmorra_19.png,tiles_portas_masmorra,03-1000614717.png,1296,790,38,90,transparente
s03_tiles_portas_masmorra_20,tiles_portas_masmorra_20,assets_individuais/tiles_portas_masmorra/tiles_portas_masmorra_20.png,tiles_portas_masmorra,03-1000614717.png,1342,790,36,90,transparente
s03_tiles_portas_masmorra_21,tiles_portas_masmorra_21,assets_individuais/tiles_portas_masmorra/tiles_portas_masmorra_21.png,tiles_portas_masmorra,03-1000614717.png,1385,790,64,90,transparente
s03_tiles_portas_masmorra_22,tiles_portas_masmorra_22,assets_individuais/tiles_portas_masmorra/tiles_portas_masmorra_22.png,tiles_portas_masmorra,03-1000614717.png,1456,790,72,90,transparente
s03_mobiliario_props_01,mobiliario_props_01,assets_individuais/mobiliario_props/mobiliario_props_01.png,mobiliario_props,03-1000614717.png,11,870,102,85,transparente
s03_mobiliario_props_02,mobiliario_props_02,assets_individuais/mobiliario_props/mobiliario_props_02.png,mobiliario_props,03-1000614717.png,121,870,90,85,transparente
s03_mobiliario_props_03,mobiliario_props_03,assets_individuais/mobiliario_props/mobiliario_props_03.png,mobiliario_props,03-1000614717.png,217,870,91,85,transparente
s03_mobiliario_props_04,mobiliario_props_04,assets_individuais/mobiliario_props/mobiliario_props_04.png,mobiliario_props,03-1000614717.png,313,870,94,85,transparente
s03_mobiliario_props_05,mobiliario_props_05,assets_individuais/mobiliario_props/mobiliario_props_05.png,mobiliario_props,03-1000614717.png,413,870,94,85,transparente
s03_mobiliario_props_06,mobiliario_props_06,assets_individuais/mobiliario_props/mobiliario_props_06.png,mobiliario_props,03-1000614717.png,513,870,96,85,transparente
s03_mobiliario_props_07,mobiliario_props_07,assets_individuais/mobiliario_props/mobiliario_props_07.png,mobiliario_props,03-1000614717.png,621,870,169,85,transparente
s03_mobiliario_props_08,mobiliario_props_08,assets_individuais/mobiliario_props/mobiliario_props_08.png,mobiliario_props,03-1000614717.png,801,870,157,85,transparente
s03_mobiliario_props_09,mobiliario_props_09,assets_individuais/mobiliario_props/mobiliario_props_09.png,mobiliario_props,03-1000614717.png,960,870,76,85,transparente
s03_mobiliario_props_10,mobiliario_props_10,assets_individuais/mobiliario_props/mobiliario_props_10.png,mobiliario_props,03-1000614717.png,1039,870,72,85,transparente
s03_mobiliario_props_11,mobiliario_props_11,assets_individuais/mobiliario_props/mobiliario_props_11.png,mobiliario_props,03-1000614717.png,1115,870,76,85,transparente
s03_mobiliario_props_12,mobiliario_props_12,assets_individuais/mobiliario_props/mobiliario_props_12.png,mobiliario_props,03-1000614717.png,1194,870,79,85,transparente
s03_mobiliario_props_13,mobiliario_props_13,assets_individuais/mobiliario_props/mobiliario_props_13.png,mobiliario_props,03-1000614717.png,1273,870,81,85,transparente
s03_mobiliario_props_14,mobiliario_props_14,assets_individuais/mobiliario_props/mobiliario_props_14.png,mobiliario_props,03-1000614717.png,1356,870,81,85,transparente
s03_mobiliario_props_15,mobiliario_props_15,assets_individuais/mobiliario_props/mobiliario_props_15.png,mobiliario_props,03-1000614717.png,1439,870,82,85,transparente
s03_papeis_variantes_01,papeis_variantes_01,assets_individuais/papeis_variantes/papeis_variantes_01.png,papeis_variantes,03-1000614717.png,0,925,102,99,transparente
s03_papeis_variantes_02,papeis_variantes_02,assets_individuais/papeis_variantes/papeis_variantes_02.png,papeis_variantes,03-1000614717.png,102,925,101,99,transparente
s03_papeis_variantes_03,papeis_variantes_03,assets_individuais/papeis_variantes/papeis_variantes_03.png,papeis_variantes,03-1000614717.png,203,925,102,99,transparente
s03_papeis_variantes_04,papeis_variantes_04,assets_individuais/papeis_variantes/papeis_variantes_04.png,papeis_variantes,03-1000614717.png,305,925,102,99,transparente
s03_papeis_variantes_05,papeis_variantes_05,assets_individuais/papeis_variantes/papeis_variantes_05.png,papeis_variantes,03-1000614717.png,407,925,101,99,transparente
s03_papeis_variantes_06,papeis_variantes_06,assets_individuais/papeis_variantes/papeis_variantes_06.png,papeis_variantes,03-1000614717.png,508,925,102,99,transparente
s03_barras_hud_variantes_01,barras_hud_variantes_01,assets_individuais/barras_hud_variantes/barras_hud_variantes_01.png,barras_hud_variantes,03-1000614717.png,610,925,88,99,transparente
s03_barras_hud_variantes_02,barras_hud_variantes_02,assets_individuais/barras_hud_variantes/barras_hud_variantes_02.png,barras_hud_variantes,03-1000614717.png,698,925,87,99,transparente
s03_barras_hud_variantes_03,barras_hud_variantes_03,assets_individuais/barras_hud_variantes/barras_hud_variantes_03.png,barras_hud_variantes,03-1000614717.png,785,925,87,99,transparente
s03_barras_hud_variantes_04,barras_hud_variantes_04,assets_individuais/barras_hud_variantes/barras_hud_variantes_04.png,barras_hud_variantes,03-1000614717.png,872,925,88,99,transparente
s03_dados_variantes_01,dados_variantes_01,assets_individuais/dados_variantes/dados_variantes_01.png,dados_variantes,03-1000614717.png,960,870,96,154,transparente
s03_dados_variantes_02,dados_variantes_02,assets_individuais/dados_variantes/dados_variantes_02.png,dados_variantes,03-1000614717.png,1056,870,96,154,transparente
s03_dados_variantes_03,dados_variantes_03,assets_individuais/dados_variantes/dados_variantes_03.png,dados_variantes,03-1000614717.png,1152,870,96,154,transparente
s03_dados_variantes_04,dados_variantes_04,assets_individuais/dados_variantes/dados_variantes_04.png,dados_variantes,03-1000614717.png,1248,870,96,154,transparente
s03_dados_variantes_05,dados_variantes_05,assets_individuais/dados_variantes/dados_variantes_05.png,dados_variantes,03-1000614717.png,1344,870,96,154,transparente
s03_dados_variantes_06,dados_variantes_06,assets_individuais/dados_variantes/dados_variantes_06.png,dados_variantes,03-1000614717.png,1440,870,96,154,transparente
s04_logo_old_school_essentials,logo_old_school_essentials,assets_individuais/marca_navegacao/logo_old_school_essentials.png,marca_navegacao,04-1000614714.png,18,10,239,120,transparente
s04_icone_menu,icone_menu,assets_individuais/marca_navegacao/icone_menu.png,marca_navegacao,04-1000614714.png,265,10,101,120,transparente
s04_icone_configuracoes,icone_configuracoes,assets_individuais/marca_navegacao/icone_configuracoes.png,marca_navegacao,04-1000614714.png,372,10,97,120,transparente
s04_icone_voltar,icone_voltar,assets_individuais/marca_navegacao/icone_voltar.png,marca_navegacao,04-1000614714.png,475,10,97,120,transparente
s04_icone_fechar,icone_fechar,assets_individuais/marca_navegacao/icone_fechar.png,marca_navegacao,04-1000614714.png,578,10,97,120,transparente
s04_icone_pergaminho,icone_pergaminho,assets_individuais/marca_navegacao/icone_pergaminho.png,marca_navegacao,04-1000614714.png,681,10,96,120,transparente
s04_tocha,tocha,assets_individuais/marca_navegacao/tocha.png,marca_navegacao,04-1000614714.png,800,10,64,120,transparente
s04_tempo_30m,tempo_30m,assets_individuais/recursos_navegacao/tempo_30m.png,recursos_navegacao,04-1000614714.png,25,140,106,110,transparente
s04_racoes_4,racoes_4,assets_individuais/recursos_navegacao/racoes_4.png,recursos_navegacao,04-1000614714.png,137,140,100,110,transparente
s04_movimento_90,movimento_90,assets_individuais/recursos_navegacao/movimento_90.png,recursos_navegacao,04-1000614714.png,242,140,100,110,transparente
s04_icone_dado,icone_dado,assets_individuais/recursos_navegacao/icone_dado.png,recursos_navegacao,04-1000614714.png,348,140,98,110,transparente
s04_icone_livro,icone_livro,assets_individuais/recursos_navegacao/icone_livro.png,recursos_navegacao,04-1000614714.png,452,140,99,110,transparente
s04_icone_mapa,icone_mapa,assets_individuais/recursos_navegacao/icone_mapa.png,recursos_navegacao,04-1000614714.png,556,140,100,110,transparente
s04_icone_grupo,icone_grupo,assets_individuais/recursos_navegacao/icone_grupo.png,recursos_navegacao,04-1000614714.png,661,140,98,110,transparente
s04_icone_mochila,icone_mochila,assets_individuais/recursos_navegacao/icone_mochila.png,recursos_navegacao,04-1000614714.png,764,140,99,110,transparente
s04_continuar,continuar,assets_individuais/rotulos_botoes/continuar.png,rotulos_botoes,04-1000614714.png,17,255,122,95,transparente
s04_nova_campanha,nova_campanha,assets_individuais/rotulos_botoes/nova_campanha.png,rotulos_botoes,04-1000614714.png,143,255,111,95,transparente
s04_criar_personagem,criar_personagem,assets_individuais/rotulos_botoes/criar_personagem.png,rotulos_botoes,04-1000614714.png,258,255,121,95,transparente
s04_fighter,fighter,assets_individuais/rotulos_botoes/fighter.png,rotulos_botoes,04-1000614714.png,387,255,119,95,transparente
s04_cleric,cleric,assets_individuais/rotulos_botoes/cleric.png,rotulos_botoes,04-1000614714.png,513,255,119,95,transparente
s04_magic_user,magic_user,assets_individuais/rotulos_botoes/magic_user.png,rotulos_botoes,04-1000614714.png,637,255,120,95,transparente
s04_thief,thief,assets_individuais/rotulos_botoes/thief.png,rotulos_botoes,04-1000614714.png,761,255,107,95,transparente
s04_forca_for,forca_for,assets_individuais/atributos_status/forca_for.png,atributos_status,04-1000614714.png,23,355,87,95,transparente
s04_inteligencia_int,inteligencia_int,assets_individuais/atributos_status/inteligencia_int.png,atributos_status,04-1000614714.png,124,355,88,95,transparente
s04_sabedoria_sab,sabedoria_sab,assets_individuais/atributos_status/sabedoria_sab.png,atributos_status,04-1000614714.png,227,355,88,95,transparente
s04_destreza_des,destreza_des,assets_individuais/atributos_status/destreza_des.png,atributos_status,04-1000614714.png,328,355,89,95,transparente
s04_constituicao_con,constituicao_con,assets_individuais/atributos_status/constituicao_con.png,atributos_status,04-1000614714.png,431,355,89,95,transparente
s04_carisma_car,carisma_car,assets_individuais/atributos_status/carisma_car.png,atributos_status,04-1000614714.png,533,355,90,95,transparente
s04_classe_armadura,classe_armadura,assets_individuais/atributos_status/classe_armadura.png,atributos_status,04-1000614714.png,641,355,62,95,transparente
s04_valor_colchetes,valor_colchetes,assets_individuais/atributos_status/valor_colchetes.png,atributos_status,04-1000614714.png,701,355,79,95,transparente
s04_coracao,coracao,assets_individuais/atributos_status/coracao.png,atributos_status,04-1000614714.png,795,355,72,95,transparente
s04_porta,porta,assets_individuais/acoes_perigos/porta.png,acoes_perigos,04-1000614714.png,25,460,86,115,transparente
s04_escada,escada,assets_individuais/acoes_perigos/escada.png,acoes_perigos,04-1000614714.png,125,460,87,115,transparente
s04_armadilha,armadilha,assets_individuais/acoes_perigos/armadilha.png,acoes_perigos,04-1000614714.png,229,460,87,115,transparente
s04_bau,bau,assets_individuais/acoes_perigos/bau.png,acoes_perigos,04-1000614714.png,330,460,87,115,transparente
s04_caveira_perigo,caveira_perigo,assets_individuais/acoes_perigos/caveira_perigo.png,acoes_perigos,04-1000614714.png,433,460,87,115,transparente
s04_tocha_radiante,tocha_radiante,assets_individuais/acoes_perigos/tocha_radiante.png,acoes_perigos,04-1000614714.png,537,460,87,115,transparente
s04_olho,olho,assets_individuais/acoes_perigos/olho.png,acoes_perigos,04-1000614714.png,645,460,95,115,transparente
s04_espadas_cruzadas,espadas_cruzadas,assets_individuais/acoes_perigos/espadas_cruzadas.png,acoes_perigos,04-1000614714.png,754,460,102,115,transparente
s04_guerreiro,guerreiro,assets_individuais/tokens_compactos/guerreiro.png,tokens_compactos,04-1000614714.png,17,575,108,120,transparente
s04_mago,mago,assets_individuais/tokens_compactos/mago.png,tokens_compactos,04-1000614714.png,123,575,108,120,transparente
s04_arqueiro,arqueiro,assets_individuais/tokens_compactos/arqueiro.png,tokens_compactos,04-1000614714.png,230,575,108,120,transparente
s04_ladino,ladino,assets_individuais/tokens_compactos/ladino.png,tokens_compactos,04-1000614714.png,336,575,108,120,transparente
s04_goblin,goblin,assets_individuais/tokens_compactos/goblin.png,tokens_compactos,04-1000614714.png,442,575,108,120,transparente
s04_lobo,lobo,assets_individuais/tokens_compactos/lobo.png,tokens_compactos,04-1000614714.png,549,575,108,120,transparente
s04_esqueleto,esqueleto,assets_individuais/tokens_compactos/esqueleto.png,tokens_compactos,04-1000614714.png,656,575,108,120,transparente
s04_orc,orc,assets_individuais/tokens_compactos/orc.png,tokens_compactos,04-1000614714.png,763,575,109,120,transparente
s04_floresta,floresta,assets_individuais/hexes_compactos/floresta.png,hexes_compactos,04-1000614714.png,0,695,127,145,transparente
s04_planicie,planicie,assets_individuais/hexes_compactos/planicie.png,hexes_compactos,04-1000614714.png,127,695,128,145,transparente
s04_montanha,montanha,assets_individuais/hexes_compactos/montanha.png,hexes_compactos,04-1000614714.png,255,695,127,145,transparente
s04_colinas,colinas,assets_individuais/hexes_compactos/colinas.png,hexes_compactos,04-1000614714.png,382,695,127,145,transparente
s04_pantano,pantano,assets_individuais/hexes_compactos/pantano.png,hexes_compactos,04-1000614714.png,509,695,127,145,transparente
s04_agua,agua,assets_individuais/hexes_compactos/agua.png,hexes_compactos,04-1000614714.png,636,695,128,145,transparente
s04_desconhecido,desconhecido,assets_individuais/hexes_compactos/desconhecido.png,hexes_compactos,04-1000614714.png,764,695,127,145,transparente
s04_triangulo_branco,triangulo_branco,assets_individuais/marcadores_compactos/triangulo_branco.png,marcadores_compactos,04-1000614714.png,24,840,54,70,transparente
s04_triangulo_vermelho,triangulo_vermelho,assets_individuais/marcadores_compactos/triangulo_vermelho.png,marcadores_compactos,04-1000614714.png,103,840,54,70,transparente
s04_triangulo_azul,triangulo_azul,assets_individuais/marcadores_compactos/triangulo_azul.png,marcadores_compactos,04-1000614714.png,183,840,55,70,transparente
s04_triangulo_verde,triangulo_verde,assets_individuais/marcadores_compactos/triangulo_verde.png,marcadores_compactos,04-1000614714.png,265,840,55,70,transparente
s04_triangulo_amarelo,triangulo_amarelo,assets_individuais/marcadores_compactos/triangulo_amarelo.png,marcadores_compactos,04-1000614714.png,347,840,55,70,transparente
s04_triangulo_roxo,triangulo_roxo,assets_individuais/marcadores_compactos/triangulo_roxo.png,marcadores_compactos,04-1000614714.png,429,840,54,70,transparente
s04_circulo_vermelho,circulo_vermelho,assets_individuais/marcadores_compactos/circulo_vermelho.png,marcadores_compactos,04-1000614714.png,511,840,54,70,transparente
s04_circulo_azul,circulo_azul,assets_individuais/marcadores_compactos/circulo_azul.png,marcadores_compactos,04-1000614714.png,597,840,55,70,transparente
s04_circulo_verde,circulo_verde,assets_individuais/marcadores_compactos/circulo_verde.png,marcadores_compactos,04-1000614714.png,668,840,55,70,transparente
s04_circulo_amarelo,circulo_amarelo,assets_individuais/marcadores_compactos/circulo_amarelo.png,marcadores_compactos,04-1000614714.png,738,840,55,70,transparente
s04_circulo_vazio,circulo_vazio,assets_individuais/marcadores_compactos/circulo_vazio.png,marcadores_compactos,04-1000614714.png,808,840,56,70,transparente
s04_linha_tracejada,linha_tracejada,assets_individuais/linhas_molduras/linha_tracejada.png,linhas_molduras,04-1000614714.png,274,910,109,85,transparente
s04_linha_pontilhada,linha_pontilhada,assets_individuais/linhas_molduras/linha_pontilhada.png,linhas_molduras,04-1000614714.png,403,910,78,85,transparente
s04_linha_solida,linha_solida,assets_individuais/linhas_molduras/linha_solida.png,linhas_molduras,04-1000614714.png,492,910,70,85,transparente
s04_linha_dupla,linha_dupla,assets_individuais/linhas_molduras/linha_dupla.png,linhas_molduras,04-1000614714.png,589,910,70,85,transparente
s04_linha_textura,linha_textura,assets_individuais/linhas_molduras/linha_textura.png,linhas_molduras,04-1000614714.png,679,910,79,85,transparente
s04_moldura_branca,moldura_branca,assets_individuais/linhas_molduras/moldura_branca.png,linhas_molduras,04-1000614714.png,781,910,23,85,transparente
s04_moldura_vermelha,moldura_vermelha,assets_individuais/linhas_molduras/moldura_vermelha.png,linhas_molduras,04-1000614714.png,825,910,18,85,transparente
s04_moldura_tracejada,moldura_tracejada,assets_individuais/linhas_molduras/moldura_tracejada.png,linhas_molduras,04-1000614714.png,837,910,23,85,transparente
s04_papel_envelhecido,papel_envelhecido,assets_individuais/papeis_compactos/papel_envelhecido.png,papeis_compactos,04-1000614714.png,22,980,141,185,transparente
s04_papel_pautado,papel_pautado,assets_individuais/papeis_compactos/papel_pautado.png,papeis_compactos,04-1000614714.png,184,980,122,185,transparente
s04_papel_borda_vermelha,papel_borda_vermelha,assets_individuais/papeis_compactos/papel_borda_vermelha.png,papeis_compactos,04-1000614714.png,322,980,132,185,transparente
s04_papel_borda_preta,papel_borda_preta,assets_individuais/papeis_compactos/papel_borda_preta.png,papeis_compactos,04-1000614714.png,468,980,126,185,transparente
s04_papel_rasgado,papel_rasgado,assets_individuais/papeis_compactos/papel_rasgado.png,papeis_compactos,04-1000614714.png,606,980,127,185,transparente
s04_papel_escuro,papel_escuro,assets_individuais/papeis_compactos/papel_escuro.png,papeis_compactos,04-1000614714.png,745,980,124,185,transparente
s04_barra_vida,barra_vida,assets_individuais/barras_compactas/barra_vida.png,barras_compactas,04-1000614714.png,28,1165,197,70,transparente
s04_barra_armadura,barra_armadura,assets_individuais/barras_compactas/barra_armadura.png,barras_compactas,04-1000614714.png,244,1165,195,70,transparente
s04_barra_xp,barra_xp,assets_individuais/barras_compactas/barra_xp.png,barras_compactas,04-1000614714.png,455,1165,192,70,transparente
s04_barra_viagem,barra_viagem,assets_individuais/barras_compactas/barra_viagem.png,barras_compactas,04-1000614714.png,662,1165,193,70,transparente
s04_dado_d4,dado_d4,assets_individuais/dados_compactos/dado_d4.png,dados_compactos,04-1000614714.png,61,1230,93,110,transparente
s04_dado_d6,dado_d6,assets_individuais/dados_compactos/dado_d6.png,dados_compactos,04-1000614714.png,192,1230,99,110,transparente
s04_dado_d8,dado_d8,assets_individuais/dados_compactos/dado_d8.png,dados_compactos,04-1000614714.png,329,1230,96,110,transparente
s04_dado_d10,dado_d10,assets_individuais/dados_compactos/dado_d10.png,dados_compactos,04-1000614714.png,463,1230,95,110,transparente
s04_dado_d12,dado_d12,assets_individuais/dados_compactos/dado_d12.png,dados_compactos,04-1000614714.png,596,1230,95,110,transparente
s04_dado_d20,dado_d20,assets_individuais/dados_compactos/dado_d20.png,dados_compactos,04-1000614714.png,728,1230,96,110,transparente
s04_sala_quadrada,sala_quadrada,assets_individuais/tiles_compactos/sala_quadrada.png,tiles_compactos,04-1000614714.png,20,1330,121,115,transparente
s04_corredor,corredor,assets_individuais/tiles_compactos/corredor.png,tiles_compactos,04-1000614714.png,143,1330,149,115,transparente
s04_sala_irregular,sala_irregular,assets_individuais/tiles_compactos/sala_irregular.png,tiles_compactos,04-1000614714.png,299,1330,102,115,transparente
s04_cruzamento,cruzamento,assets_individuais/tiles_compactos/cruzamento.png,tiles_compactos,04-1000614714.png,406,1330,105,115,transparente
s04_sala_redonda,sala_redonda,assets_individuais/tiles_compactos/sala_redonda.png,tiles_compactos,04-1000614714.png,517,1330,101,115,transparente
s04_sala_escada,sala_escada,assets_individuais/tiles_compactos/sala_escada.png,tiles_compactos,04-1000614714.png,633,1330,108,115,transparente
s04_nevoa_negra,nevoa_negra,assets_individuais/tiles_compactos/nevoa_negra.png,tiles_compactos,04-1000614714.png,754,1330,115,115,transparente
s04_porta_madeira,porta_madeira,assets_individuais/portas_obstaculos/porta_madeira.png,portas_obstaculos,04-1000614714.png,45,1435,76,101,transparente
s04_porta_grade,porta_grade,assets_individuais/portas_obstaculos/porta_grade.png,portas_obstaculos,04-1000614714.png,168,1435,85,101,transparente
s04_porta_estreita,porta_estreita,assets_individuais/portas_obstaculos/porta_estreita.png,portas_obstaculos,04-1000614714.png,291,1435,78,101,transparente
s04_arco_aberto,arco_aberto,assets_individuais/portas_obstaculos/arco_aberto.png,portas_obstaculos,04-1000614714.png,395,1435,112,101,transparente
s04_fosso,fosso,assets_individuais/portas_obstaculos/fosso.png,portas_obstaculos,04-1000614714.png,527,1435,103,101,transparente
s04_porta_dupla,porta_dupla,assets_individuais/portas_obstaculos/porta_dupla.png,portas_obstaculos,04-1000614714.png,646,1435,93,101,transparente
s04_entulho,entulho,assets_individuais/portas_obstaculos/entulho.png,portas_obstaculos,04-1000614714.png,751,1435,110,101,transparente
s05_mapa_batalha_cavernas_do_caos,mapa_batalha_cavernas_do_caos,assets_individuais/arte_telas/mapa_batalha_cavernas_do_caos.png,arte_telas,05-1000614708.png,74,312,716,592,opaco
s05_retrato_alda_guerreira,retrato_alda_guerreira,assets_individuais/retratos/retrato_alda_guerreira.png,retratos,05-1000614708.png,82,943,194,242,opaco
s06_entrada_cavernas_do_caos,entrada_cavernas_do_caos,assets_individuais/locais_campanha/entrada_cavernas_do_caos.png,locais_campanha,06-1000614709.png,78,244,256,284,opaco
s06_dolmenwood_megalito,dolmenwood_megalito,assets_individuais/locais_campanha/dolmenwood_megalito.png,locais_campanha,06-1000614709.png,78,565,256,283,opaco
s06_fortaleza_da_fronteira,fortaleza_da_fronteira,assets_individuais/locais_campanha/fortaleza_da_fronteira.png,locais_campanha,06-1000614709.png,78,894,256,293,opaco
s07_corredor_escuro_porta_carvalho,corredor_escuro_porta_carvalho,assets_individuais/arte_telas/corredor_escuro_porta_carvalho.png,arte_telas,07-1000614710.png,72,895,718,299,opaco
s09_mapa_hex_erros_do_norte,mapa_hex_erros_do_norte,assets_individuais/arte_telas/mapa_hex_erros_do_norte.png,arte_telas,09-1000614713.png,73,367,718,627,opaco
s09_hex_colinas_arborizadas,hex_colinas_arborizadas,assets_individuais/hexes_destaque/hex_colinas_arborizadas.png,hexes_destaque,09-1000614713.png,103,1025,165,174,opaco
s10_mapa_masmorra_setor_c3,mapa_masmorra_setor_c3,assets_individuais/arte_telas/mapa_masmorra_setor_c3.png,arte_telas,10-1000614712.png,73,209,718,716,opaco
s10_corredor_umido,corredor_umido,assets_individuais/locais_campanha/corredor_umido.png,locais_campanha,10-1000614712.png,525,1112,234,138,opaco
